Accession	taxaID	Sequence
A-nodosum_M_contig2489:124978-123754	52969	ATGGCTCGTGAAAAGTTTGACCGTACAAAACCCCATATTAACATTGGAACAATTGGTCATGTAGATCATGGTAAAACTACTTTAACTGCTGCGATTACTGCTGTTCTATCTTTAGATGGTAGCTCAAATGCAAAGAAATATGAAGATATCGATGCAGCCCCTGAAGAACGCGCACGTGGAATTACTATTAATACAGCACATGTTGAATATGAAACAGAAGCTCGTCATTATGCTCATGTAGATTGTCCAGGTCATGCTGATTATGTTAAAAATATGATTACCGGTGCGGCACAAATGGATGGTGCTATTTTAGTTGTGTCAGCGGCCGATGGACCTATGCCTCAAACACGTGAGCATCTTTTATTATCAAAGCAAGTTGGTGTACCTCATATTGTAGTTTTTTTAAATAAGGAAGATCAAGTAGATGATCTTGAACTAATAGAATTAGTAGAATTAGAAGTTAGAGAATTATTATCTAATTATGAATTCCCCGGAGATGATACTCCAATTGTTGCAGGTTCTGCGCTACAAGCTCTAGAAGCCATTAATGCTGAACCTACTATAAAGAAAGGAGATAATAAGTGGGTTGATAAAATTTATAATTTAATGGAAGAAGTTGATAATTATATACCAACTCCAATTCGAGATACAGATAAAACATTTTTAATGGCAATTGAAGATGTTTTTTCAATTACAGGTCGTGGTACTGTAGCAACTGGTAAAATTGATCGGGGAATTGTCAAAGTAGGTGAAACAGTAGAACTAGTGGGTTTAGGTGATACAAAATCAACAACAGTAACGGGTGTTGAGATGTTTCAAAAAACTTTAGATGAAGGTGTTGCTGGTGATAATGTTGGAATTTTATTACGTGGATTACAGAAAACAGAAATAGAACGTGGGATGGTTTTATCTAAACCTGGTACAATAACACCACATAATACATTTGAATCTGAGGTTTATGTTTTAACAAAAGAAGAAGGCGGACGTCATACACCATTTTTTGTAGGTTATAGACCTCAATTTTATGTTCGAACTACAGATGTAACAGGTGAAATTTTACGTTTTACGGATGACAGTGGTTCGAAATCAGTAATGGTTATGCCTGGTGATCGTGTGAAAATGACAGCTGGTTTAATTTCTTTAATTGCGATAGAAGAAGGAATGAGATTTGCTATTCGTGAAGGTGGAAGAACTATTGGGGCTGGCGTTGTTTCAAAAATTCTTA
C-australica_Contig_106:30906-32129	2498842	ATGGCTCGTGAAAAATTTGAACGTAGTAAACCACATGTAAATATTGGTACAATTGGTCACGTAGATCATGGTAAAACAACATTAACTGCTGCAATTACAGCAACTCTTGCTTTAGGTTCTTCAGAAGGTGTTGCTAAAAAATATGAAGATATTGATGCGGCACCTGAAGAACGTGCACGTGGTATTACAATTAATACTGCTCATATTGAATATGAAACAGATGAACGTCATTATGCTCACGTAGATTGTCCAGGTCACGCTGATTATGTTAAAAATATGATTACAGGTGCTGCACAAATGGATGGTGCAATTTTAGTAGTATCTGCTGCTGATGGTCCTATGCCACAAACTCGTGAACATATTTTACTTGCTAAACAAGTAGGTGTACCACATATTGTTGTTTTTCTAAATAAAGAAGATCAAGTAGACGATGAGGAATTATTAGAATTAGTTGAATTAGAAGTAAGAGAATTATTAGACGAATATGATTTCCCAGGTGATTCGATTCCAATTGTTGCAGGTTCAGCTTTACAAGCCTTAGAAGCTATTTCAATAGCTAATCCAAATAAACGTGGAGATGATAAATGGGTAGATAAAATTTTCGCTTTAATGGATGCTGTTGATAGTTATATTCCAACTCCAGAACGTGATATTGATAAAACTTTTTTAATGGCAGTTGAAGATGTTTTTTCTATTACAGGGCGTGGTACAGTTGCAACAGGTCGAATTGAAAGAGGTTGTGTAAAAGTAGGTGAAACTATTGAAATTGTAGGTTTACAAGAAACGCGTTCAGTTACTGTAACCGGCGTTGAAATGTTCCAAAAAACTTTAGATGAAGGTTTAGCTGGGGATAATGTTGGTATTTTATTACGTGGTATTCAAAAAGAGGAAATTTTACGCGGTATGGTATTATCACAACCTGGTACAATTACACCTCACAAAAAATTTGAATCAGAAGTATATATTTTAACAAAAGATGAAGGTGGTCGTCATACACCATTCTTTGCTGGTTATCGACCACAATTTTATGTTCGTACAACTGATGTAACAGGACAAATTTTAGCATTTACATCTGATGAAGGTGAAAATGTAGAAATGGTTATGCCAGGTGATCGTATTAAAATGAATGCTGAACTAATTTCTCCAATTGCAATTGAGGAAGGTATGAGATTTGCAATACGTGAAGGTGGTAGAACAGTTGGAGCTGGGGTAGTTTCAAAAATT
C-linearis_contig142:17575-16350	64904	ATGGCTCGTGAAAAATATGACCGTACGAAACCGCATATCAATATTGGAACAATTGGGCATGTAGATCATGGTAAAACAACATTAACTGCTGCAATCACTGCTGTTTTATCATTAGCAGGAGATTCAAATGCAAAAAAATATGAAGATATTGATGCTGCACCTGAAGAACGTGCACGTGGGATCACAATAAACACTGCACATGTTGAATATGAAACAGAAACTCGTCATTATGCACATGTGGATTGTCCTGGTCATGCAGATTACGTTAAAAATATGATTACAGGTGCAGCACAAATGGATGGGGCTATTCTAGTTGTTTCAGCAGCTGACGGTCCAATGCCTCAAACCCGTGAACATATTTTATTATCTAAACAAGTTGGTGTCCCTCATATCGTCGTATTCTTAAATAAGGAAGACCAAGTAGATGATCTAGAATTAGTAGAATTAGTAGAATTAGAAGTTAGAGAATTATTATCAAATTATGATTTTCCTGGTGATGATATCCCTATTGTTACAGGTTCAGCGTTACAAGCTCTTGATGCTATAGGTAATGAGCCTTCTATAAAAAAAAAAGTGATAATAAATGGGTTGATAAAATTTATAGTTTAATGGAATCAGTCGATAATTATATTCCAACACCAATCAGAGATGTAGATAAAGCATTTTTAATGGCTATTGAGGATGTTTTTTCGATTACTGGTCGAGGTACCGTAGCTACTGGTAAAATTGACCGTGGAATTGTAAAAGTTGGTGAAACAGTTGATTTAGTTGGTTTAGGTGATACAAAATCAACAACAGTGACAGGTGTTGAGATGTTCCAAAAAACGTTAGATGAAGGTGTTGCGGGTGATAATGTTGGGATATTATTACGTGGGTTACAGAAAGGTGAAATAGAACGTGGGATGGTTTTAGCTAAACCAGGAACAATTACTCCCCATAATACTTTTGAATCTGAACTTTATATTTTAACAAAAGAAGAAGGTGGTCGTCATACTCCATTTTTCCCAGGTTATAGACCTCAATTTTATGTACGAACAACTGATGTTACTGGAGAAATTTTAAGTTTTATTACTGATGAAGGTGAAAAAACTTTAATGGTTATGCCTGGTGATCGTGTTAAGATGACAGCAAAATTAATTTCTTTAATTGCGATTGAAGAAGGAATGCGATTTGCTATTCGTGAGGGTGGGCGAACTATTGGTGCTGGAGTTGTTTCAAAAATTATT
C-linearis_contig142:155363-154128	64904	ATGGCTCGTGAAAAATATGACCGTACGAAACCGCATATCAATATTGGAACAATTGGGCATGTAGATCATGGTAAAACAACATTAACTGCTGCAATCACTGCTGTTTTATCATTTAGCAGGAGATTCAAATGCAAAAAAAAAATGAAGAAATTGATGCTGCACCTGAAGAACGTGCACGTGGGATCACAATAAACACTGCACATGTTGTTGAATATGAAACAGAAACTCGTCATTATGCACATGTGGATTGTCCTGGTCATGCAGATTACGTTAAAAATATGATTACAGGTGCAGCACAAATGGATGGGGCTATTCTAGTTGTTTCAGCAGCTGACGGTCCAATGCCTCAAACCCGTGAACATATTTTATTATCTAAACAAGTTGGTGTCCCTCATATCGTCGTATTCTTAAATAAGGAAGACCAAGTAGATGATCTAGAATTAGTAGAATTAGTAGAATTAGAAGTTAGAGAATTATTATCAAATTATGATTTTCCTGGTGATGATATCCCTATTGTTACAGGTTCAGCGTTACAAGCTCTTGATGCTATAGGTAATGAGCCTTCTATAAAAAAAAGGTGATAATAAATGGGTTGATAAAATTTATAGTTTAATGGAATCAGTCGATAATTATATTCCAACACCAATCAGAGATGTAGATAAAGCATTTTTAATGGCTATTGAGGATGTTTTTTTTCGATTACTGGTCGAGGTACCGTAGCTACTGGTAAAATTGACCGTGGAATTGTAAAAGTTGGTGAAACAGTTGATTTAGTTGGTTTAGGTGATACAAAATCAACAACAGTGACAGGTGTTGAGATGTTCCAAAAAACGTTAGATGAAGGTGTTGCGGGTGATAATGTTGGGATATTATTACGTGGGTTACAGAAAGGTGAAATAGAACGTGGGATGGTTTTAGCTAAACCAGGAACAATTACTCCCCATAATACTTTTGAATCTGAACTTTATATTTTAACAAAAGAAGAAGGTGGTCGTCATACTCCATTTTTCCCAGGTTATAGACCTCAATTTTATGTACGAACAACTGATGTTACTGGAGAAATTTTAAGTTTTATTACTGATGAAGGTGAAAAAAAAACTTTAATGGTTATGCCTGGTGATCGTGTTAAGATGACAGAAAATTAATTTCTTTAATTGCGATTGAAGAAGGAATGCGATTTGCTATTCGTGAGGGTGGGCGAACTATTGGTGCTGGAGTTAAATTTCAAAAATTATT
C-linearis_contig152:11410-10187	64904	ATGGCTCGTGAAAAATATGACCGTACGAAACCGCATATCAATATTGGAACAATTGGGCATGTAGATCATGGTAAAACAACATTAACTGCTGCAATCACTGCTGTTTTATCATTAGCAGGAGATTCAAATGCAAAAAAATATGAAGATATTGATGCTGCACCTGAAGAACGTGCACGTGGGATCACAATAAACACTGCACATGTTGAATATGAAACAGAAACTCGTCATTATGCACATGTGGATTGTCCTGGTCATGCAGATTACGTTAAAAATATGATTACAGGTGCAGCACAAATGGATGGGGCTATTCTAGTTGTTTCAGCAGCTGACGGTCCAATGCCTCAAACCCGTGAACATATTTTATTATCTAAACAAGTTGGTGTCCCTCATATCGTCGTATTCTTAAATAAGGAAGACCAAGTAGATGATCTAGAATTAGTAGAATTAGTAGAATTAGAAGTTAGAGAATTATTATCAAATTATGATTTTCCTGGTGATGATATCCCTATTGTTACAGGTTCAGCGTTACAAGCTCTTGATGCTATAGGTAATGAGCCTTCTATAAAAAAAGGTGATAATAAATGGGTTGATAAAATTTATAGTTTAATGGAATCAGTCGATAATTATATTCCAACACCAATCAGAGATGTAGATAAAGCATTTTTAATGGCTATTGAGGATGTTTTTTCGATTACTGGTCGAGGTACCGTAGCTACTGGTAAAATTGACCGTGGAATTGTAAAAGTTGGTGAAACAGTTGATTTAGTTGGTTTAGGTGATACAAAATCAACAACAGTGACAGGTGTTGAGATGTTCCAAAAAACGTTAGATGAAGGTGTTGCGGGTGATAATGTTGGGATATTATTACGTGGGTTACAGAAAGGTGAAATAGAACGTGGGATGGTTTTAGCTAAACCAGGAACAATTACTCCCCATAATACTTTTGAATCTGAACTTTATATTTTAACAAAAGAAGAAGGTGGTCGTCATACTCCATTTTTCCCAGGTTATAGACCTCAATTTTATGTACGAACAACTGATGTTACTGGAGAAATTTTAAGTTTTATTACTGATGAAGGTGAAAAAACTTTAATGGTTATGCCTGGTGATCGTGTTAAGATGACAGCAAAATTAATTTCTTTAATTGCGATTGAAGAAGGAATGCGATTTGCTATTCGTGAGGGTGGGCGAACTATTGGTGCTGGAGTTGTTTCAAAAATTATT
C-linearis_contig152:143467-142241	64904	ATGGCTCGTGAAAAATATGACCGTACGAAACCGCATATCAATATTGGAACAATTGGGCATGTAGATCATGGTAAAACAACATTAACTGCTGCAATCACTGCTGTTTTATCATTAGCAGGAGATTCAAATGCAAAAAAATATGAAGATATTGATGCTGCACCTGAAGAACGTGCACGTGGGATCACAATAAACACTGCACATGTTGAATATGAAACAGAAACTCGTCATTATGCACATGTGGATTGTCCTGGTCATGCAGATTACGTTAAAAATATGATTACAGGTGCAGCACAAATGGATGGGGCTATTCTAGTTGTTTCAGCAGCTGACGGTCCAATGCCTCAAACCCGTGAACATATTTTATTATCTAAACAAGTTGGTGTCCCTCATATCGTCGTATTCTTAAATAAGGAAGACCAAGTAGATGATCTAGAATTAGTAGAATTAGTAGAATTAGAAGTTAGAGAATTATTATCAAATTATGATTTTCCTGGTGATGATATCCCTATTGTTACAGGTTCAGCGTTACAAGCTCTTGATGCTATAGGTAATGAGCCTTCTATAAAAAAAAAGGTGATAATAAATGGGTTGATAAAATTTATAGTTTAATGGAATCAGTCGATAATTATATTCCAACACCAATCAGAGATGTAGATAAAGCATTTTTAATGGCTATTGAGGATGTTTTTTCGATTACTGGTCGAGGTACCGTAGCTACTGGTAAAATTGACCGTGGAATTGTAAAAGTTGGTGAAACAGTTGATTTAGTTGGTTTAGGTGATACAAAAATCAACAACAGTGACAGGTGTTGAGATGTTCCAAAAACGTTAGATGAAGGTGTTGCGGGTGATAATGTTGGGATATTATTACGTGGGTTACAGAAAGGTGAAATAGAACGTGGGATGGTTTTAGCTAAAACCAGGAACAATTACTCCCCATAATACTTTTGAATCTGAACTTTATATTTTAACAAAAGAAGAAGGTGGTCGTCATACTCCATTTTTCCCAGGTTATAGACCTCAATTTTATGTACGAACAACTGATGTTACTGGAGAAATTTTAAGTTTTATTACTGATGAAGGTGAAAAAACTTTAATGGTTATGCCTGGTGATCGTGTTAAGATGACAGCAAAATTAATTTCTTTAATTGCGATTGAAGAAGGAATGCGATTTGCTATTCGTGAGGGTGGGCGAACTATTGGTGCTGGAGTTGTTTCAAAAATTATT
C-linearis_contig159:54539-55767	64904	ATGGCTCGTGAAAAATATGACCGTACGAAACCGCATATCAATATTGGAACAATTGGGCATGTAGATCATGGTAAAACAACATTAACTGCTGCAATCACTGCTGTTTTATCATTAGCAGGAGATTCAAATGCAAAAAAAATATGAAGATATTGATGCTGCACCTGAAGAACGTGCACGTGGGATCACAATAAACACTGCACATGTTGAATATGAAACAGAAACTCGTCATTATGCACATGTGGATTGTCCTGGTCATGCAGATTACGTTAAAAATATGATTACAGGTGCAGCACAAATGGATGGGGCTATTCTAGTTGTTTCAGCAGCTGACGGTCCAATGCCTCAAACCCGTGAACATATTTTATTATCTAAACAAGTTGGTGTCCCTCATATCGTCGTATTCTTAAATAAGGAAGACCAAGTAGATGATCTAGAATTAGTAGAAGAATTAGTAGAATTAGAAGTTAGAGAATTATTATCAAATTATGATTTTCCTGGTGATGATATCCCTATTGTTACAGGTTCAGCGTTACAAGCTCTTGATGCTATAGGTAATGAGCCTTCTATAAAAAAGGTGATAATAAATGGGTTGATAAAATTTATAGTTTAATGGAATCAGTCGATAATTATATTCCAACACCAATCAGAGATGTAGATAAAGCATTTTTAATGGCTATTGAGGATGTTTTTTCGATTACTGGTCGAGGTACCGTAGCTACTGGTAAAATTGACCGTGGAATTGTAAAAGTTGGTGAAACAGTTGATTTAGTTGGTTTAGGTGATACAAAATCAACAACAGTGACAGGTGTTGAGATGTTCCAAAAAACGTTAGATGAAGGTGTTGCGGGTGATAATGTTGGGATATTATTACGTGGGTTACAGAAAGGTGAAATAGAACGTGGGATGGTTTTAGCTAAACCAGGAACAATTACTCCCCATAATACTTTTGAATCTGAACTTTATATTTTAAAAAAAGAAGAAGGTGGTCGTCATACTCCATTTTTCCCAGGTTATAGACCTCAATTTTATGTACGAACAACTGATGTTACTGGAGAAATTTTAAGTTTTATTACTGATGAAGGTGAAAAAACTTTAATGGTTATGCCTGGTGATCGTGTTAAGATGACAGCAAAATTAATTTCTTTAATTGCGATTGAAGAAGGAATGCGATTTGCTATTCGTGAGGGTGGGCGAACTATTGGTGCTGGAGTTGTTTCAAAAAAAATTAT
C-linearis_contig176:4793-6018	64904	ATGGCTCGTGAAAAATATGACCGTACGAAACCGCATATCAATATTGGAACAATTGGGCATGTAGATCATGGTAAAACAACATTAACTGCTGCAATCACTGCTGTTTTATCATTAGCAGGAGATTCAAATGCAAAAAAATATGAAGATATTGATGCTGCACCTGAAGAACGTGCACGTGGGATCACAATAAACACTGCACATGTTGAATATGAAACAGAAACTCGTCATTATGCACATGTGGATTGTCCTGGTCATGCAGATTACGTTAAAAATATGATTACAGGTGCAGCACAAATGGATGGGGCTATTCTAGTTGTTTCAGCAGCTGACGGTCCAATGCCTCAAACCCGTGAACATATTTTATTATCTAAACAAGTTGGTGTCCCTCATATCGTCGTATTCTTAAATAAGGAAGACCAAGTAGATGATCTAGAATTAGTAGAATTAGTAGAATTAGAAGTTAGAGAATTATTATCAAATTATGATTTTCCTGGTGATGATATCCCTATTGTTACAGGTTCAGCGTTACAAGCTCTTGATGCTATAGGTAATGAGCCTTCTATAAAAAAAAAAGGTGATAATAAATGGGTTGATAAAATTTATAGTTTAATGGAATCAGTCGATAATTATATTCCAACACCAATCAGAGATGTAGATAAAGCATTTTTAATGGCTATTGAGGATGTTTTTTCGATTACTGGTCGAGGTACCGTAGCTACTGGTAAAATTGACCGTGGAATTGTAAAAGTTGGTGAAACAGTTGATTTAGTTGGTTTAGGTGATACAAAATCAACAACAGTGACAGGTGTTGAGATGTTCCAAAAACGTTAGATGAAGGTGTTGCGGGTGATAATGTTGGGATATTATTACGTGGGTTACAGAAAGGTGAAATAGAACGTGGGATGGTTTTAGCTAAACCAGGAACAATTACTCCCCATAATACTTTTGAATCTGAACTTTATATTTTAACAAAAGAAGAAGGTGGTCGTCATACTCCATTTTTCCCAGGTTATAGACCTCAATTTTATGTACGAACAACTGATGTTACTGGAGAAATTTTAAGTTTTATTACTGATGAAGGTGAAAAAACTTTAATGGTTATGCCTGGTGATCGTGTTAAGATGACAGCAAAATTAATTTCTTTAATTGCGATTGAAGAAGGAATGCGATTTGCTATTCGTGAGGGTGGGCGAACTATTGGTGCTGGAGTTGTTTCAAAAATTATT
C-linearis_contig216:1432-204	64904	ATGGCTCGCGAAAAAATTTGACCGTAGTAAACCACATATTAACATTGGAACAATTGGGCATGTAGATCATGGAAAAACTACACTAACTGCTGCTATTACTGCAGTTTTATCATTAGCAGGTGATTCTAATGCAAAAAAATATGAAGATATTGATGCAGCACCTGAAGAACGTGCACGTGGAATTACCATAAATACAGCTCATGTAGAATATGAAACAGAAAATCGACATTATGCTCATGTGGATTGCCCTGGCCATGCTGATTATGTTAAAAATATGATTACTGGGGCCGCACAAATGGATGGAGCAATTTTAGTTGTTTCAGCAGCCGACGGTCCAATGCCTCAAACCCGTGAACATATTTTATTATCAAAACAAGTTGGTGTACCGCATATTGTAGTTTTTTAAATAAAAGAAGATCAAGTGGATGATCTTGAATTAGTAGAATTAGTAGAATTAGAAGTTAGAGAATTATTATCAAACTATGATTTCCCTGGTGACGATATACCAATTGTGACAGGTTCAGCTTTACAAGCTTTAGATGCAATAACTAGCGAAGTAAGTGTAGAAAAAGGTGATAATAAATGGGTTGATAAAATTTATAGCTTAATGGAATCAATTGATAGCTACATACCAACACCTGTACGTGACGTTGATAAATCATTTTTAATGGCAATTGAAGATGTATTTTCAATAACTGGTCGAGCACAGTAGCTACTGGTAAAATTGATCGTGGAATAGTAAAAGTAGGTGAAACTGTAGAATTAGTTGGTTTAGGAGATACTAAATCAACAACGGTAACTAGTGTTGAAATGTTCCAAAAACTTTAGATGAAGGAGTTGCTGGAGATAATGTAGGTATTTTATTACGAGGGTTACAAAAAGGAGAGATAGAACGTGGAATGGTTTTATCTCAGCCTGGAACAATAACACCACATAATACTTTCGAATCCGAAGTATATGTATTAACAAAAGAAGAGGGTGGACGTCATACTCCTTTCTTTACAGGTTATCGACCTCAATTTTATGTTAGAACAACTGATGTTACAGGACAAATTTTACGTTTTACAGCTGATGATGGGTCTAAATCAGTAATGGTTATGCCTGGTGATAGAATCAAAATGACTGCAGGCCTTATTTCTTTTTAATTGCAATTGAGGAAGGTATGAGATTTGCTATTCGTGAAGGTGGTCGTACTATTGGCGCAGGTGTTGTTTCAAAATTCTTACATA
D-dichotoma_M_contig2075:35702-36924	2876	ATGGCTCGTGAAAAATTTGATCGTCGAAAACCTCACTTAAATATTGGAACTATAGGACATGTTGACCATGGTAAAACAACATTAACCGCTGCAATTACTGCCGTATTATCATTAATTGGTGAGTCTGCTGCAAAAAAATATGAAGATATTGATGCAGCACCAGAAGAAAGAGCGCGTGGAATTACAATAAATACTGCACACGTAGAATATGAAACGGAAGACCGCCATTATGCCCATGTAGATTGTCCAGGCCATGCTGATTATGTAAAAAATATGATCACAGGTGCTGCACAAATGGATGGAGCTATACTAGTAGTATCTGCTGCTGATGGACCTATGCCTCAAACTCGTGAGCATATTCTTTTATCTAAACAAGTTGGAGTTCCACATATTGTTGTATTTTTAAATAAGGAAGATCAAGTAGATGATGAAGAATTAATTGAATTAGTAGAATTAGAAGTTCGAGAATTATTGTCTAATTATGATTTCCCTGGAGATGATATTCCAATTGTATCAGGATCTGCTTTACAAGCTTTAGATGCAATAGCAAATGAGCCTAAGATAAAAAAGGGAGATAATAAATGGGTAGACAAAATTTATAACTTAATGGAATCAGTTGATAAGTATATTCCAACACCTATTCGTGATATTGATAAAACATTTTTAATGGCTATTGAGGATGTTTTTTCAATTACAGGGCGAGGTACGGTAGCTACAGGAAAAATTGATCGTGGTTGTGTTAAAGTTGGTGAGACTATAGAAATAGTTGGATTAGGAGATACCAAATCAACGACAGTAACGGGTGTTGAAATGTTCCAAAAAACATTAGACGAAGGAGTTGCCGGTGATAATGTTGGTCTTCTCCTAAGAGGTTTACAAAAAAATGAAATAGAGCGAGGTATGGTTTTATCAAAACCTGGTACTATTACTCCTCATAATAAATTTGAATCTGAGGTTTATATTTTAACAAAAGAAGAAGGTGGTCGACACACTCCATTTTTTACAGGTTATCGTCCACAATTTTATGTTCGAACAACAGATGTTACAGGACAAATTTTAAAGTTTACAGCTGATGATGGTTCAAAATCTGTTATGGTTATGCCCGGTGATCGTATTAAAATGACTGCAGGTTTAATTTCATTAATAGCTATTGAAGAGGGTATGCGTTTTGCCATTCGTGAGGGTGGTAGAACAATTGGAGCGGGAGTTGTATCAAAAATTAT
D-dudresnayi_contig10147:4205-5433	99931	ATGGCTCGCGAAAAATTTGACCGTAGTAAACCACATATTAACATTGGAACAATTGGGCATGTAGATCATGGAAAAACTACACTAACTGCTGCTATTACTGCAGTTTTATCATTAGCAGGTGATTCTAATGCAAAAAAATATGAAGATATTGATGCAGCACCTGAAGAACGTGCACGTGGAATTACCATAAATACAGCTCATGTAGAATATGAAACAGAAAATCGACATTATGCTCATGTGGATTGCCCTGGCCATGCTGATTATGTTAAAAATATGATTACTGGGGCCGCACAAATGGATGGAGCAATTTTAGTTGTTTCAGCAGCCGACGGTCCAATGCCTCAAACCCGTGAACATATTTTATTATCAAAACAAGTTGGTGTACCGCATATTGTAGTTTTTTTAAATAAAGAAGATCAAGTGGATGATCTTGAATTAGTAGAATTAGTAGAATTAGAAGTTAGAGAATTATTATCAAACTATGATTTCCCTGGTGACGATATACCAATTGTGACAGGTTCAGCTTTACAAGCTTTAGATGCAATAACTAGCGAAGTAAGTGTAGAAAAAGGTGATAATAAATGGGTTGATAAAATTTATAGCTTAATGGAATCAATTGATAGCTACATACCAACACCTGTACGTGACGTTGATAAATCATTTTTAATGGCAATTGAAGATGTATTTTCAATAACTGGTCGAGGCACAGTAGCTACTGGTAAAATTGATCGTGGAATAGTAAAAGTAGGTGAAACTGTAGAATTAGTTGGTTTAGGAGATACTAAATCAACAACGGTAACTGGTGTTGAAATGTTCCAAAAAACTTTAGATGAAGGAGTTGCTGGAGATAATGTAGGTATTTTATTACGAGGGTTACAAAAAGGAGAGATAGAACGTGGAATGGTTTTATCTCAGCCTGGAACAATAACACCACATAATACTTTCGAATCCGAAGTATATGTATTAACAAAAGAAGAGGGTGGACGTCATACTCCTTTCTTTACAGGTTATCGACCTCAATTTTATGTTAGAACAACTGATGTTACAGGACAAATTTTACGTTTTACAGCTGATGATGGGTCTAAATCAGTAATGGTTATGCCTGGTGATAGAATCAAAATGACTGCAGGCCTTATTTCTTTAATTGCAATTGAGGAAGGTATGAGATTTGCTATTCGTGAAGGTGGTCGTACTATTGGCGCAGGTGTTGTTTCAAAAATTCTTACATA
D-dudresnayi_contig12173:9725-8501	99931	ATGGCTCGTGAAAAGTTTGACCGTACAAAACCACATATTAATATTGGAACAATTGGTCATGTAGATCATGGTAAAACTACTTTAACTGCTGCGATTACTGCTGTTCTATCTTTAGATGGTAGTTCAAATGCAAAAAAATATGAAGATATCGATGCAGCACCTGAAGAACGCGCACGTGGAATTACTATTAATACAGCACATGTTGAATATGAAACAGAAACTCGTCATTATGCTCATGTAGATTGTCCAGGTCATGCTGATTATGTTAAAAATATGATTACCGGTGCAGCTCAAATGGATGGTGCTATTTTAGTTGTTTCAGCGGCTGATGGACCTATGCCTCAAACACGCGAGCATCTTTTATTATCAAAGCAAGTTGGTGTACCTCACATTGTAGTTTTTTTAAATAAAGAAGATCAAGTAGATGATCTTGAACTAATAGAATTAGTAGAATTAGAAGTTAGAGAATTATTATCTAATTATGAATTCCCTGGAGATGATACTCCAATTGTTGCAGGTTCTGCGTTGCAAGCTCTAGAAGCCATTAATGCTGAACCTACTATAAAGAAAGGAGATAATAAATGGGTCGATAAAATTTATAATTTAATGGAAGAAGTTGATAATTATATACCAACTCCAATTCGAGATACAGATAAAACATTTTTAATGGCAATTGAAGATGTTTTTTCAATTACAGGTCGTGGTACTGTAGCAACGGGTAAAATTGATCGTGGAATTGTCAAAGTAGGTGAAACAGTAGAACTAGTGGGTTTAGGTAATACCAAATCTACAACAGTAACGGGTGTTGAAATGTTCCAAAAAACTTTAGATGAAGGTGTTGCTGGTGATAATGTTGGAATTTTATTACGTGGATTACAGAAAACAGAAATAGAACGTGGAATGGTTTTATCTAAACCTGGTACAATAACACCGCATAATACCTTTGAATCTGAGGTTTATGTTTTAACAAAAGAAGAAGGAGGACGTCATACACCATTTTTTGTAGGTTATAGACCTCAATTTTATGTTCGAACTACAGATGTAACAGGTGAAATTTTACGTTTTACGGATGATAATGGTTCAAAATCAGTAATGGTTATGCCTGGTGATCGTGTGAAAATGACAGCCGGTTTAATTTCTTTAATTGCAATAGAAGAAGGAATGAGATTTGCTATTCGTGAAGGTGGAAGAACTATTGGGGCTGGCGTTGTTTCAAAAATTCTTA
D-herbacea_F_contig856:26006-24782	1205903	ATGGCTCGTGAAAAGTTTGACCGTACAAAACCACATATTAACATTGGAACAATTGGTCATGTAGATCATGGAAAAACTACGTTAACTGCTGCGATTACTGCTGTTCTATCTCTAGATGGTAGCTCAAATGCAAAAAAATATGAAGATATCGATGCCGCACCTGAAGAACGAGCACGTGGAATTACTATTAATACAGCCCATGTTGAATACGAAACCGAGTTTCGACATTACGCACACGTAGATTGCCCAGGACATGCTGATTATGTTAAAAATATGATAACTGGTGCAGCTCAAATGGATGGTGCAATTTTAGTAGTATCAGCCGCTGATGGAGCTATGCCGCAAACACGTGAGCATATTTTATTATCAAAGCAAGTTGGTGTACCTCATATTGTAGTTTTTTTAAATAAAGAAGATCAAGTAGATGATCTTGAACTAATAGAATTAGTAGAATTAGAAGTTAGAGAATTATTATCTAATTATGAATTCCCTGGAGATGATACTCCAATTGTTGCAGGTTCTGCGCTGCAAGCTCTCGAAGCTATTAATGCTGAACCTACTATAAAGAAAGGAGATAATAAGTGGGTCGACAAAATTTATAATTTAATGGAAGAAGTTGATAAGTATATACCAACTCCAATTCGAGATACAGACAAAACATTTTTAATGGCAATTGAAGATGTTTTTTCAATTACAGGTCGTGGTACTGTAGCAACAGGTAAAATTGATCGTGGAATTGTCAAAGTAGGGGAAACAGTAGAACTAGTGGGTTTAGGTGATACAAAATCAACAACAGTAACGGGTGTTGAGATGTTTCAAAAAACTTTAGATGAAGGTGTTGCTGGTGACAATGTTGGAATTTTATTACGTGGATTACAGAAAACTGAAATAGAACGTGGGATGGTTTTATCTAAACCTGGCACAATAACACCACATAATACATTTGAATCTGAGGTTTATGTTTTAACAAAAGAAGAAGGAGGACGTCATACACCATTTTTTGTAGGTTATAGACCTCAATTTTATGTGCGAACAACAGATGTAACAGGTGAAATTTTACGCTTTACAGATGACAGTGGTTCAAAATCAGTAATGGTTATGCCTGGTGATCGTGTAAAAATGACAGCCGGTTTAATTTCTTTAATTGCAATAGAAGAAGGAATGAGATTTGCTATTCGTGAAGGTGGACGAACTATTGGTGCTGGTGTTGTTTCAAAAATTCTTA
D-herbacea_M_contig982:3661-4885	1205903	ATGGCTCGCGAAAAATTTGACCGTAGTAAACCACATATTAACATTGGAACAATTGGGCATGTAGATCATGGAAAAACTACACTAACTGCTGCTATTACTGCAGTTTTATCATTAGCAGGTGATTCTAATGCAAAAAAATATGAAGATATTGATGCAGCACCTGAAGAACGTGCACGTGGAATTACCATAAATACAGCTCATGTAGAATATGAAACAGAAAATCGACATTATGCTCATGTGGATTGCCCTGGCCATGCTGATTATGTTAAAAATATGATTACTGGGGCCGCACAAATGGATGGAGCAATTTTAGTTGTTTCAGCAGCAGACGGTCCAATGCCTCAAACTCGTGAACATATTTTATTATCAAAACAAGTTGGTGTACCACATATTGTAGTTTTTTTAAATAAAGAAGATCAAGTGGATGATCTTGAATTAGTAGAATTAGTAGAATTAGAAGTTAGAGAATTATTATCAAACTATGATTTCCCTGGTGACGATATACCCATTGTGACAGGTTCAGCTTTACAAGCTTTAGATGCAATAACTAGCGAAGTAAGTGTAGAAAAAGGTGATAATAAATGGGTTGATAAAATTTATAGTTTAATGGAATCAATTGATAGCTACATACCAACACCTGTACGTGACGTTGATAAATCATTTTTAATGGCAATTGAAGATGTATTTTCAATAACTGGTCGAGGTACAGTAGCTACTGGTAAAATTGATCGTGGAATAGTAAAAGTAGGTGAAACTGTAGAATTAGTTGGTTTAGGAGATACTAAATCAACAACGGTAACTGGTGTTGAGATGTTCAAACTTTAGATGAAGGAGTTGCTGGAGATAATGTAGGTATTTTATTACGAGGGTTACAAAAAGGAGAGATAGAACGTGGAATGGTTTTATCACAGCCTGGAACAATAACACCACATAATACTTTCGAATCCGAAGTATATGTATTAACAAAAGAAGAGGGTGGACGTCATACTCCTTTCTTTACAGGTTATCGACCTCAATTTTATGTTAGAACAACTGATGTTACAGGACAAATTTTACGCTTTACAGCTGATGATGGGTCTAAATCAGTAATGGTTATGCCTGGTGATAGAATCAAAATGACTGCAGGCCTTATTTCTTTAATTGCAATTGAAGAAGGTATGAGATTTGCTATTCGTGAAGGTGGTCGTACTATTGGTGCAGGTGTTGTTTCAAAAATTCTTACATA
D-mesarthrocarpus_Contig237:27460-26236	376270	ATGGCTCGTGAAAAATTTGAAAGAACAAAGCCACATTTAAATATTGGAACAATTGGGCACGTAGATCATGGTAAAACAACATTAACGGCAGCAATCACAGCAGTATTAGCATTAGATGGATCATCTGCTGCTAAAAAATATGAAGATATTGACGCGGCTCCTGAAGAACGAGCTCGAGGTATTACAATAAACACAGCTCATGTAGAATATGAAACAGATAATCGTCATTATGCTCATGTCGATTGTCCTGGTCATGCAGATTATGTTAAGAATATGATTACAGGTGCAGCCCAAATGGATGGTGCAATTTTAGTGGTTTCTGCAGCAGATGGACCTATGCCACAAACACGTGAACATATTTTATTATCAAAACAAGTAGGTGTACCACATGTTGTAGTTTTTCTAAATAAAGAAGACCAAGTAGATGATATTGAATTATTAGAATTAGTTGAATTAGAAGTAAGAGACTTATTATCTGCTTATGATTTTCCTGGAGATAATATACCTATTGTAACCGGATCAGCTTTACAAGCTTTAGAAGCAATCTCAAAAGAGCCAACTTTACAGAAAGGTGAAAATAAATGGGTTGATAAAATTTATAATTTAATGGAATCTGTAGATACTTATATTCCAACTCCAGTCCGAGATGTTGATAAAACATTTTTAATGGCAATTGAAGATGTATTTTCAATTACAGGTCGTGGTACTGTTGCAACAGGTCGAATTGAAAGAGGAATAGTTAAAGTTGGAGAAACAGTAGAACTAGTAGGTTTAGGTGAGACAAAATCTACAACTGTTACTGGGGTTGAAATGTTTCAAAAAACTTTAGAAGAAGGTGTTGCCGGGGATAATGTTGGTATTTTATTACGGGGTGTTCAAAAAAATGAAATTGAACGTGGAATGGTTTTATCTAAACCCGGAACTATAACTCCACATAATGTTTTTGAATCAGAAGTTTATATTTTAACCAAAGAAGAAGGAGGACGTCATACTCCTTTCTTTTCAGGTTATAGACCTCAATTTTATGTAAGAACAACAGATGTTACTGGCCAAATATTAAGTTTTACTGCGGATGATGGTTCTAATGTAGAAATGGTAATACCAGGTGACCGTATTAAAATGAACGCAGAACTTATTTCTTCAATTGCCATTGAAGAAGGTATGCGATTTGCTATTCGTGAAGGTGGTCGTACTATTGGTGCTGGAGTTGTTTCTAAAATTAATA
E_fasciculatus_S1_contig606:14600-15823	43935	ATGGCTCGTGAAAAATATGACCGTACAAAACCACATATCAATATTGGAACAATTGGGCACGTAGATCATGGTAAAACGACATTAACCGCTGCAATTACTGCTGTTTTATCATTAGCAGGGGATGCAAATGCGAAAAAATATGAAGATATTGATGCTGCACCTGAAGAGCGTGCACGTGGAATCACAATAAACACAGCACATGTAGAATATGAGACAGCAACACGTCATTATGCCCATGTAGATTGTCCAGGTCACGCTGATTATGTTAAAAATATGATCACTGGTGCAGCACAAATGGATGGAGCTATCCTAGTTGTTTCAGCCGCTGACGGTCCAATGCCTCAAACTCGTGAACATATTTTACTATCTAAACAAGTTGGTGTACCCCATATTGTAGTCTTCTTGAATAAAGAAGATCAAGTTGATGATCTAGAGTTAGTAGAATTAGTAGAATTAGAAGTTCGCGAATTACTTTCTAATTATGATTTTCCTGGTGATGATATACCTATAGTAACTGGTTCCGCATTACAAGCTCTTGATGCTATAAGTAATGAACCAAGTATAAAGAAAGGTGACAATAAATGGGTTGATAAAATTTATAGTTTAATGGACTCAGTAGATAGCTATATTCCAACACCTGTTAGAGATATAGATAAAGCATTTTTAATGGCTATTGAAGATGTTTTTTCAATTACTGGGCGAGGTACAGTTGCTACCGGTAAAATTGACCGTGGGATGGTAAAAGTAGGAGAAACAGTAGACTTAGTTGGTTTAGGGGATACGAAATCGACAACAGTAACTGGTGTTGAGATGTTCCAGAAAACTTTAGATGAAGGTGTTGCTGGTGACAACGTAGGAATTTTACTACGTGGAATACAAAAAGGAGAAATAGAGCGTGGAATGGTTTTAGCTAAACCAGGAACAATCACACCTCACAATACTTTTGAATCAGAACTTTATATTTTAACTAAAGAAGAAGGGGGACGACATACTCCTTTCTTCCCAGGCTATAGACCTCAATTTTATGTACGAACAACTGATGTTACTGGTGAAATTTTAAGTTTTATTACTGATGAAGGCGAGAAAACTTTAATGGTTATGCCTGGTGATCGTGTTAAAATGACAGCAAAATTAATTTCTTTAATTGCGATTGAAGAAGGTATGAGATTTGCTATTCGTGAAGGTGGCAGAACTATTGGGGCTGGTGTTGTTTCAAAAATTATT
E_fasciculatus_S1_contig31525:1054-33	43935	TGAAGATATTGATGCTGCACCTGAAGAGCGTGCACGTGGAATCACAATAAACACAGCACATGTAGAATATGAGACAGCAACACGTCATTATGCACATGTGGATTGTCCTGGTCACGCTGATTATGTTAAAAATATGATTACTGGTGCGGCACAAATGGATGGGGCCATCTTAGTTGTTTCAGCTGCTGATGGTCCAATGCCTCAAACTCGTGAACATATTTTACTATCTAAACAAGTTGGTGTGCCCCATATTGTAGTCTTCTTAAATAAAGAAGATCAAGTGGATGATCTGGAATTAGTAGAATTAGTAGAATTAGAAGTTCGCGAATTACTTTCTAATTATGATTTTCCTGGTGATGATATACCTATAGTAACAGGTTCAGCATTACAAGCTCTGGATGCTATAAGTAATGAACCTAATATAAAGAAAGGTGATAATAAATGGGTTGATAAAATTTATAGTTTAATGGACTCCGTAGATAACTATATTCCAACACCTGTTAGAGATGTAGATAAATCATTTTTAATGGCTATTGAAGATGTTTTTTCAATTACTGGGCGCGGTACAGTTGCTACCGGTAAAATTGACCGTGGGATGATAAAAGTAGGAGAAACAGTAGACTTAGTTGGTTTAGGGGATACTAAATCAACAACAGTAACTGGTGTTGAGATGTTCCAGAAAACTTTAGATGAAGGTGTTGCGGGTGACAACGTAGGAATTTTACTACGTGGCTTACAAAAAGGAGAAATCGAGCGTGGAATGGTTTTAGCGAAACCCGGAACAATCACACCTCATAATACTTTTGAATCAGAACTTTATATTTTAACTAAAGAAGAAGGTGGACGCCATACTCCTTTCTTCCCAGGCTATAGACCTCAATTTTATGTACGAACAACTGATGTTACTGGTGAAATTTTAAGTTTTATTACTGATGAAGGTGAAAAAACTTTAATGGTTATGCCTGGTGATCGTGTTAAAATGACAGCAAAATTAATTTCTTTAATTGCGATTGAAGAAGGTA
E_fasciculatus_S2_contig14183:3701-2627	43935	TGATGCTGCACCTGAAGAGCGTGCACGTGGAATCACAATAAACACAGCACATGTAGAATATGAGACAGCAACACGTCATTATGCTCATGTAGATTGTCCAGGTCACGCTGATTATGTTAAAAATATGATCACTGGTGCAGCACAAATGGATGGGGCTATCCTAGTTGTTTCAGCCGCTGACGGTCCAATGCCTCAAACTCGTGAACATATTTTACTATCTAAACAAGTTGGTGTACCCCATATTGTAGTCTTCTTGAATAAAGAAGATCAAGTTGATGATCTAGAGTTAGTAGAATTAGTAGAATTAGAAGTTCGCGAATTACTTTCTAATTATGATTTTCCTGGTGATGATATACCTATAGTAACTGGTTCCGCATTACAAGCTCTTGATGCTATAAGTAATGAACCAAGTATAAAGAAAGGTGACAATAAATGGGTTGATAAAATTTATAGTTTAATGGACTCAGTAGATAACTATATCCCAACACCTGTTCGAGATATAGATAAAGCATTTTTAATGGCTATTGAAGATGTTTTTTCAATTACTGGACGAGGTACAGTTGCTACCGGTAAAATTGACCGGGGAATGGTAAAAGTAGGAGAAACAGTAGACTTAGTTGGTTTAGGGGATACGAAATCGACAACAGTAACTGGTGTTGAGATGTTCCAGAAAACTTTAGATGAAGGTGTTGCTGGTGACAACGTAGGAATTTTACTACGTGGAATACAAAAAGGAGAAATAGAGCGTGGAATGGTTTTAGCCAAACCAGGAACCATCACACCTCACAATACTTTTGAATCAGAACTTTATATTTTAACTAAAGAAGAAGGTGGACGCCATACTCCTTTCTTCCCAGGCTATAGACCTCAATTTTATGTACGAACAACTGATGTTACTGGTGAAATTTTAAGTTTTATTACTGATGAAGGTGAAAAAACTTTAATGGTTATGCCTGGTGATCGTGTTAAAATGACAGCAAAACTAATTTCCTTAATTGCGATTGAAGAAGGTATGAGATTTGCTATTCGTGAAGGTGGCAGAACTATTGGGGCTGGTGTTGTTTCAAAAATTATT
E_fasciculatus_S2_contig20470:1124-16	43935	ATGGCTCGTGAAAAATATGACCGTACAAAACCACATATCAATATTGGAACAATTGGACACGTAGATCATGGTAAAACGACATTAACGGCTGCAATTACTGCTGTTTTATCATTAGCAGGGGATGCGAATGCGAAAAAATATGAAGATATTGATGCTGCACCTGAAGAGCGTGCACGTGGAATCACAATAAACACAGCACATGTAGAATATGAGACAGCAACACGTCATTATGCACATGTGGATTGTCCTGGTCACGCTGATTATGTTAAAAATATGATTACTGGTGCGGCACAAATGGATGGGGCCATCTTAGTTGTTTCAGCTGCTGATGGTCCAATGCCTCAAACTCGTGAACATATTTTACTATCTAAACAAGTTGGTGTGCCCCATATTGTAGTCTTCTTAAATAAAGAAGATCAAGTGGATGATCTGGAATTAGTAGAATTAGTAGAATTAGAAGTTCGCGAATTACTTTCTAATTATGATTTTCCTGGTGATGATATACCTATAGTAACAGGTTCAGCATTACAAGCTCTGGATGCTATAAGTAATGAACCTAATATAAAGAAAGGTGATAATAAATGGGTTGATAAAATTTATAGTTTAATGGACTCCGTAGATAACTATATTCCAACACCTGTTAGAGATGTAGATAAATCATTTTTAATGGCTATTGAAGATGTTTTTTCAATTACTGGGCGCGGTACAGTTGCTACCGGTAAAATTGACCGTGGGATGATAAAAGTAGGAGAAACAGTAGACTTAGTTGGTTTAGGGGATACTAAATCAACAACAGTAACTGGTGTTGAGATGTTCCAGAAAACTTTAGATGAAGGTGTTGCGGGTGACAACGTAGGAATTTTACTACGTGGCTTACAAAAAGGAGAAATCGAGCGTGGAATGGTTTTAGCGAAACCCGGAACAATCACACCTCATAATACTTTTGAATCAGAACTTTATATTTTAACTAAAGAAGAAGGTGGACGCCATACTCCTTTCTTCCCAGGCTATAGACCTCAATTTTATGTACGAACAACTGATGTTACTGGTGAAATTTTAAGTTTTATTACTGATGAAGGTGAAAAAACTTTAATGGTTATGCCTGAGAT
E-crouaniorum-2c_F_contig466:28775-27552	690460	ATGGCTCGTGAAAAATATGACCGTACAAAACCACATATCAATATTGGAACAATTGGGCACGTAGATCATGGCAAAACGACATTAACCGCTGCAATTACTGCTGTTTTATCGTTAGCAGGGGATGCAAATGCGAAAAAATATGAAGATATTGATGCTGCACCTGAAGAGCGTGCACGTGGAATTACAATAAACACAGCACATGTAGAATATGAGACAGCAACACGTCATTATGCTCATGTAGATTGTCCAGGTCACGCTGATTATGTTAAAAATATGATCACTGGTGCAGCACAAATGGATGGGGCTATCCTAGTTGTTTCAGCCGCTGACGGTCCAATGCCTCAAACTCGTGAACATATTTTACTATCTAAACAAGTTGGTGTACCCCATATTGTAGTTTTCTTAAATAAAGAAGATCAAGTTGATGATCTAGAGTTAGTAGAATTAGTAGAATTAGAAGTTCGCGAATTACTTTCTAATTATGATTTTCCTGGTGATGACATACCTATAGTAACTGGTTCAGCATTACAAGCTCTTGATGCTATAAGTAATGAACCAAGTATAAAGAAAGGTGACAATAAATGGGTTGATAAAATTTATAGTTTAATGGACTCAGTAGATAACTATATTCCAACACCTGTTAGAGATATAGATAAAGCATTTTTAATGGCTATTGAAGATGTTTTTTCAATTACTGGACGAGGTACAGTTGCTACCGGTAAAATTGACCGTGGAATGGTAAAAGTAGGAGAAACAGTAGACTTAGTTGGTTTAGGGGATACGAAATCGACAACAGTAACTGGTGTTGAGATGTTCCAGAAAACTTTAGATGAAGGTGTTGCTGGTGACAACGTAGGAATTTTACTACGTGGGATACAAAAAGGAGAAATAGAGCGTGGAATGGTTTTAGCCAAACCAGGAACTATCACACCTCACAATACTTTTGAATCAGAACTTTATATTTTAACTAAAGAAGAAGGTGGACGCCATACTCCATTCTTCCCAGGCTATAGACCTCAATTTTATGTAAGAACAACTGATGTTACTGGTGAAATTTTAAGTTTTATTACTGATGAAGGCGAGAAAACTTTAATGGTTATGCCTGGTGATCGTGTTAAAATGACAGCAAAACTAATTTCTTTAATTGCGATTGAAGAAGGTATGAGATTTGCTATTCGTGAAGGTGGCAGAACTATTGGGGCTGGTGTTGTTTCAAAAATTATT
Ecto-sp1_F_contig835:28879-27656	2879	ATGGCTCGTGAAAAATATGACCGTACAAAACCACATATCAATATTGGAACAATTGGGCACGTAGATCATGGCAAAACGACATTAACCGCTGCAATTACTGCTGTTTTATCATTAGCAGGGGATGCAAGTGCAAAAAAATATGAAGATATTGATGCTGCACCTGAAGAGCGTGCACGTGGAATCACAATAAACACAGCACATGTAGAATATGAGACAGCAACACGTCATTATGCCCATGTAGATTGTCCGGGTCACGCTGATTATGTTAAAAATATGATCACTGGTGCAGCACAAATGGATGGAGCTATCCTAGTTGTTTCAGCCGCTGACGGTCCAATGCCTCAAACCCGTGAACATATTTTACTATCTAAACAAGTTGGTGTACCCCATATTGTAGTCTTCTTAAATAAAGAAGATCAAGTTGATGATCTAGAGTTAGTAGAATTAGTAGAATTAGAAGTTCGCGAATTACTTTCTAATTATGATTTTCCTGGTGATGACATACCTATAGTAACTGGTTCCGCATTACAAGCTCTTGATGCTATAAGTAATGAACCAAGTATAAAGAAAGGTGACAATAAATGGGTTGATAAAATTTATAGTTTAATGGACTCAGTAGATAGCTATATTCCAACACCTGTTAGAGATATAGATAAAGCATTTTTAATGGCTATTGAAGATGTTTTTTCAATTACTGGGCGAGGTACAGTTGCTACAGGTAAAATTGACCGTGGGATGGTAAAAGTAGGAGAAACAGTAGACTTAGTTGGTTTAGGGGATACGAAATCGACAACAGTAACTGGTGTTGAGATGTTCCAGAAAACTTTAGATGAAGGTGTTGCTGGTGACAACGTAGGAATTTTACTACGTGGAATACAAAAAGGAGAAATAGAGCGTGGAATGGTTTTAGCTAAACCAGGAACAATCACACCTCACAATACTTTTGAATCAGAACTTTATATTTTAACTAAAGAAGAAGGGGGACGCCATACTCCTTTCTTCCCAGGCTATAGACCTCAATTTTATGTACGAACAACTGATGTTACTGGTGAAATTTTAAGTTTTATTACTGATGAGGGCGAGAAAACTTTAATGGTTATGCCTGGTGATCGTGTTAAAATGACAGCAAAATTAATTTCTTTAATTGCGATTGAAGAAGGTATGAGATTTGCTATTCGTGAAGGTGGCAGAACTATTGGGGCTGGGGTTGTTTCAAAAATTATT
Ecto-sp1_M_contig5238:2894-4117	2879	ATGGCTCGTGAAAAATATGACCGTACAAAACCACATATCAATATTGGAACAATTGGGCACGTAGATCATGGCAAAACGACATTAACCGCTGCAATTACTGCTGTTTTATCATTAGCAGGGGATGCAAGTGCGAAAAAATATGAAGATATTGATGCTGCACCTGAAGAGCGTGCACGTGGAATCACAATAAACACAGCACATGTAGAATATGAGACAGCAACACGTCATTATGCCCATGTAGATTGTCCGGGTCACGCTGATTATGTTAAAAATATGATCACTGGTGCAGCACAAATGGATGGAGCTATCCTAGTTGTTTCAGCCGCTGACGGTCCAATGCCTCAAACCCGTGAACATATTTTACTATCTAAACAAGTTGGTGTACCCCATATTGTAGTCTTCTTAAATAAAGAAGATCAAGTTGATGATCTAGAGTTAGTAGAATTAGTAGAATTAGAAGTTCGCGAATTACTTTCTAATTATGATTTTCCTGGTGATGACATACCTATAGTAACTGGTTCCGCATTACAAGCTCTTGATGCTATAAGTAATGAACCAAGTATAAAGAAAGGTGACAATAAATGGGTTGATAAAATTTATAGTTTAATGGACTCAGTAGATAGCTATATTCCAACACCTGTTAGAGATATAGATAAAGCATTTTTAATGGCTATTGAAGATGTTTTTTCAATTACTGGGCGAGGTACAGTTGCTACAGGTAAAATTGACCGTGGGATGGTAAAAGTAGGAGAAACAGTAGACTTAGTTGGTTTAGGGGATACGAAATCGACAACAGTAACTGGTGTTGAGATGTTCCAGAAAACTTTAGATGAAGGTGTTGCTGGTGACAACGTAGGAATTTTACTACGTGGAATACAAAAAGGAGAAATAGAGCGTGGAATGGTTTTAGCTAAACCAGGAACAATCACACCTCACAATACTTTTGAATCAGAACTTTATATTTTAACTAAAGAAGAAGGGGGACGCCATACTCCTTTCTTCCCAGGCTATAGACCTCAATTTTATGTACGAACAACTGATGTTACTGGTGAAATTTTAAGTTTTATTACTGATGAGGGCGAGAAAACTTTAATGGTTATGCCTGGTGATCGTGTTAAAATGACAGCAAAATTAATTTCTTTAATTGCGATTGAAGAAGGTATGAGATTTGCTATTCGTGAAGGTGGCAGAACTATTGGGGCTGGGGTTGTTTCAAAAATTATT
Ecto-sp2_M_contig2985:3476-2253	2879	ATGGCTCGTGAAAAATATGACCGTACAAAACCACATATCAATATTGGAACAATTGGGCACGTAGATCATGGTAAAACGACATTAACCGCTGCAATTACTGCTGTTTTATCATTAGCAGGGGATGCAAATGCGAAAAAATATGAAGATATTGATGCTGCACCTGAAGAGCGTGCACGTGGAATCACAATAAACACAGCACATGTAGAATATGAGACAGCAACACGTCATTATGCCCATGTAGATTGTCCAGGTCACGCTGATTATGTTAAAAATATGATCACTGGTGCAGCACAAATGGATGGAGCTATCCTAGTTGTTTCAGCCGCTGACGGTCCAATGCCTCAAACTCGTGAACATATTTTACTATCTAAACAAGTTGGTGTACCCCATATTGTAGTCTTCTTGAATAAAGAAGATCAAGTTGATGATCTAGAGTTAGTAGAATTAGTAGAATTAGAAGTTCGCGAATTACTTTCTAATTATGATTTTCCTGGTGATGATATACCTATAGTAACTGGTTCCGCATTACAAGCTCTTGATGCTATAAGTAATGAACCAAGTATAAAGAAAGGTGACAATAAATGGGTTGATAAAATTTATAGTTTAATGGACTCAGTAGATAGCTATATTCCAACACCTGTTAGAGATATAGATAAAGCATTTTTAATGGCTATTGAAGATGTTTTTTCAATTACTGGGCGAGGTACAGTTGCTACCGGTAAAATTGACCGTGGGATGGTAAAAGTAGGAGAAACAGTAGACTTAGTTGGTTTAGGGGATACGAAATCGACAACAGTAACTGGTGTTGAGATGTTCCAGAAAACTTTAGATGAAGGTGTTGCTGGTGACAACGTAGGAATTTTACTACGTGGAATACAAAAAGGAGAAATAGAGCGTGGAATGGTTTTAGCTAAACCAGGAACAATCACACCTCACAATACTTTTGAATCAGAACTTTATATTTTAACTAAAGAAGAAGGGGGACGACATACTCCTTTCTTCCCAGGCTATAGACCTCAATTTTATGTACGAACAACTGATGTTACTGGTGAAATTTTAAGTTTTATTACTGATGAAGGCGAGAAAACTTTAATGGTTATGCCTGGTGATCGTGTTAAAATGACAGCAAAATTAATTTCTTTAATTGCGATTGAAGAAGGTATGAGATTTGCTATTCGTGAAGGTGGCAGAACTATTGGGGCTGGTGTTGTTTCAAAAATTATT
Ecto-sp3_F_contig67:14021-15244	2879	ATGGCTCGTGAAAAATATGACCGTACAAAACCACATATCAATATTGGAACAATTGGGCACGTAGATCATGGCAAAACGACATTAACCGCTGCAATTACTGCTGTTTTATCATTAGCAGGGGATTCAAATGCGAAAAAATATGAAGATATTGATGCTGCACCTGAAGAGCGTGCACGTGGAATCACAATAAACACAGCACATGTAGAATATGAGACAGCAACACGTCATTATGCCCATGTAGATTGTCCAGGTCACGCTGATTATGTTAAAAATATGATCACTGGTGCAGCACAAATGGATGGGGCTATCCTAGTTGTTTCAGCCGCGGACGGTCCAATGCCTCAAACTCGTGAACATATTTTACTATCTAAACAAGTTGGTGTACCCCATATTGTAGTATTCTTAAATAAAGAAGATCAAGTTGATGATCTAGAGTTAGTAGAATTAGTAGAATTAGAAGTTCGCGAATTACTTTCTAATTATGATTTTCCTGGTGATGACATACCTATAGTAACTGGTTCAGCATTACAAGCTCTTGATGCTATAAGTAATGAACCAAGTATAAAAAAAGGTGACAATAAATGGGTTGATAAAATTTATAGTTTAATGGACTCAGTAGATAACTATATTCCAACACCTGTTAGAGATATAGATAAAGCATTTTTAATGGCTATTGAAGATGTTTTTTCAATTACTGGACGGGGTACAGTTGCTACCGGTAAAATTGACCGTGGGATGGTAAAAGTAGGAGAAACAGTAGACTTAGTTGGTTTAGGGGATACGAAATCGACAACAGTAACTGGTGTTGAGATGTTTCAGAAAACTTTAGATGAAGGTGTTGCTGGTGACAACGTAGGAATTTTACTACGTGGAGTACAAAAAGGAGAAATAGAGCGTGGAATGGTTTTAGCCAAACCAGGAACAATCACACCTCACAATACTTTTGAATCAGAACTTTATATTTTAACTAAAGAAGAAGGTGGGCGCCATACTCCCTTCTTCCCAGGCTATAGACCTCAATTTTATGTACGAACAACTGATGTTACTGGTGAAATTTTAAGTTTTATTACTGATGAAGGCGAGAAAACTTTAATGGTTATGCCTGGTGATCGTGTTAAAATGACAGCAAAATTAATTTCTTTAATTGCGATTGAAGAAGGTATGAGATTTGCTATTCGTGAAGGGGGTAGAACTATTGGGGCTGGTGTTGTTTCAAAAATTATT
Ecto-sp6_S_contig177:28078-26855	2879	ATGGCTCGTGAAAAATATGACCGTACAAAACCACATATCAATATTGGAACAATTGGGCACGTAGATCATGGTAAAACGACATTAACCGCTGCAATTACTGCTGTTTTAGCATTAGCCGGGGAAAAAAAAAAAAAAAAATATGAAGATATTGATGCTGCGCCTGAAGAGCGTGCACGTGGAATCACAATAAACACAGCACATGTAGAATATGAGACAGCAACACGTCATTATGCCCATGTAGATTGTCCAGGTCACGCTGATTATGTTAAAAATATCACTGGTGCAGCACAAAATGGATGGGGCTATCCTAGTTGTTTCAGCCGCTGATGGTCCAATGCCTCAAACTCGTGAACATATTTTACTGTCTAAAAAAAGTTGGTGTACCCCATATTGTAGTCTTCTTAAATAAAGAAGATCAAGTTGATGATTTAGAGTTAGTAGAATTAGTAGAATTAGAAGTTCGCGAATTACTTTCTAATTATGATTTTCCTGGTGATGACATACCTATAGTAACGGGTTCAGCATTACAAGCTCTTGATGCTATAAGTAATGAACCAAGTATAAAGAAAGGTGATAATAAATGGGTTGATAAAATTTATAGTTTAATGGATTCAGTAGATAACTATATACCAACACCTGTTAGAGATATAGATAAAGCATTTTTAATGGCTATTGAAGATGTTTTTTCAAATTACTGGACGAGGGACAGTTGCTACCGGTAAAATTGACCGTGGGATGGTAAAAGTAGGAGAAACAGTAGACTTAGTTGGTTTAGGGGATACGAAATCGACAACAGTAACTGGTGTTGAGATGTTCCAAAAAACTTTAGATGAAGGTTTTGCTGGTGACAACGTAGGAATTTTACTACGTGGAATACAAAAGGGAGAAATAGAGCGTGGAATGGTTTTAGCTAAACCAGGAACAATTACACCTCACAATACTTTTGAATCAGAACTTTATATTTTAACTAAAGAAGAAGGTGGACGCCATACTCCATTCTTCCCAGGCTATAGACCTCAATTTTACGTACGAACAACTGATGTTACTGGTGAAATTTTAAGCTTTATTACTGATGAAGGCGAGAAAACTTTAATGGTTATGCCTGGTGATCGTGTTAAAATGACAGCAAAATTAATTTCTTTAATTGCGATTGAAGAAGGTATGAGATTTGCTATTCGTGAAGGTGGTAGAACTATTGGGGCTGGTGTTGTTTCAAAAATTATT
Ecto-sp6_S_contig177:152915-154138	2879	ATGGCTCGTGAAAAATATGACCGTACAAAACCACATATCAATATTGGAACAATTGGGCACGTAGATCATGGTAAAACGACATTAACCGCTGCAATTACTGCTGTTTTAGCATTAGCCGGGGATGCAAATGCGAAAAAATATGAAGATATTGATGCTGCGCCTGAAGAGCGTGCACGTGGAATCACAATAAACACAGCACATGTAGAATATGAGACAGCAACACGTCATTATGCCCATGTAGATTGTCCAGGTCACGCTGATTATGTTAAAAATATGATCACTGGTGCAGCACAAATGGATGGGGCTATCCTAGTTGTTTCAGCCGCTGATGGTCCAATGCCTCAAACTCGTGAACATATTTTACTGTCTAAACAAGTTGGTGTACCCCATATTGTAGTCTTCTTAAATAAAGAAGATCAAGTTGATGATTTAGAGTTAGTAGAATTAGTAGAATTAGAAGTTCGCGAATTACTTTCTAATTATGATTTTCCTGGTGATGACATACCTATAGTAACGGGTTCAGCATTACAAGCTCTTGATGCTATAAGTAATGAACCAAGTATAAAGAAAGGTGATAATAAATGGGTTGATAAAATTTATAGTTTAATGGATTCAGTAGATAACTATATACCAACACCTGTTAGAGATATAGATAAAGCATTTTTAATGGCTATTGAAGATGTTTTTTCAATTACTGGACGAGGGACAGTTGCTACCGGTAAAATTGACCGTGGGATGGTAAAAGTAGGAGAAACAGTAGACTTAGTTGGTTTAGGGGATACGAAATCGACAACAGTAACTGGTGTTGAGATGTTCCAAAAAACTTTAGATGAAGGTTTTGCTGGTGACAACGTAGGAATTTTACTACGTGGAATACAAAAGGGAGAAATAGAGCGTGGAATGGTTTTAGCTAAACCAGGAACAATTACACCTCACAATACTTTTGAATCAGAACTTTATATTTTAACTAAAGAAGAAGGTGGACGCCATACTCCATTCTTCCCAGGCTATAGACCTCAATTTTACGTACGAACAACTGATGTTACTGGTGAAATTTTAAGCTTTATTACTGATGAAGGCGAGAAAACTTTAATGGTTATGCCTGGTGATCGTGTTAAAATGACAGCAAAATTAATTTCTTTAATTGCGATTGAAGAAGGTATGAGATTTGCTATTCGTGAAGGTGGTAGAACTATTGGGGCTGGTGTTGTTTCAAAAATTATT
Ecto-sp6_S_contig202:25862-24639	2879	ATGGCTCGTGAAAAATATGACCGTACAAAACCACATATCAATATTGGAACAATTGGGCACGTAGATCATGGTAAAACGACATTAACCGCTGCAATTACTGCTGTTTTAGCATTAGCCGGGGATGCAAATGCGAAAAAATATGAAGATATTGATGCTGCGCCTGAAGAGCGTGCACGTGGAATCACAATAAACACAGCACATGTAGAATATGAGACAGCAACACGTCATTATGCCCATGTAGATTGTCCAGGTCACGCTGATTATGTTAAAAATATGATCACTGGTGCAGCACAAATGGATGGGGCTATCCTAGTTGTTTCAGCCGCTGATGGTCCAATGCCTCAAACTCGTGAACATATTTTACTGTCTAAACAAGTTGGTGTACCCCATATTGTAGTCTTCTTAAATAAAGAAGATCAAGTTGATGATTTAGAGTTAGTAGAATTAGTAGAATTAGAAGTTCGCGAATTACTTTCTAATTATGATTTTCCTGGTGATGACATACCTATAGTAACGGGTTCAGCATTACAAGCTCTTGATGCTATAAGTAATGAACCAAGTATAAAGAAAGGTGATAATAAATGGGTTGATAAAATTTATAGTTTAATGGATTCAGTAGATAACTATATACCAACACCTGTTAGAGATATAGATAAAGCATTTTTAATGGCTATTGAAGATGTTTTTTCAATTACTGGACGAGGGACAGTTGCTACCGGTAAAATTGACCGTGGGATGGTAAAAGTAGGAGAAACAGTAGACTTAGTTGGTTTAGGGGATACGAAATCGACAACAGTAACTGGTGTTGAGATGTTCCAAAAAACTTTAGATGAAGGTTTTGCTGGTGACAACGTAGGAATTTTACTACGTGGAATACAAAAGGGAGAAATAGAGCGTGGAATGGTTTTAGCTAAACCAGGAACAATTACACCTCACAATACTTTTGAATCAGAACTTTATATTTTAACTAAAGAAGAAGGTGGACGCCATACTCCATTCTTCCCAGGCTATAGACCTCAATTTTACGTACGAACAACTGATGTTACTGGTGAAATTTTAAGCTTTATTACTGATGAAGGCGAGAAAACTTTAATGGTTATGCCTGGTGATCGTGTTAAAATGACAGCAAAATTAATTTCTTTAATTGCGATTGAAGAAGGTATGAGATTTGCTATTCGTGAAGGTGGTAGAACTATTGGGGCTGGTGTTGTTTCAAAAATTATT
Ecto-sp6_S_contig202:149717-150940	2879	ATGGCTCGTGAAAAATATGACCGTACAAAACCACATATCAATATTGGAACAATTGGGCACGTAGATCATGGTAAAACGACATTAACCGCTGCAATTACTGCTGTTTTAGCATTAGCCGGGGATGCAAATGCGAAAAAATATGAAGATATTGATGCTGCGCCTGAAGAGCGTGCACGTGGAATCACAATAAACACAGCACATGTAGAATATGAGACAGCAACACGTCATTATGCCCATGTAGATTGTCCAGGTCACCTGATTATGTTAAAAAATATGATCACTGGTGCAGCACAAATGGATGGGGCTATCCTAGTTGTTTCAGCCGCTGATGGTCCAATGCCTCAAACTCGTGAACATATTTTACTGTCTAAACAAGTTGGTGTACCCCATATTGTAGTCTTCTTAAATAAAGAAGATCAAGTTGATGATTTAGAGTTAGTAGAATTAGTAGAATTAGAAGTTCGCGAATTACTTTCTAATTATGATTTTCCTGGTGATGACATACCTATAGTAACGGGTTCAGCATTACAAGCTCTTGATGCTATAAGTAATGAACCAAGTATAAAGAAAGGTGATAATAAATGGGTTGATAAAATTTATAGTTTAATGGATTCAGTAGATAACTATATACCAACACCTGTTAGAGATATAGATAAAGCATTTTTAATGGCTATTGAAGATGTTTTTTCAATTACTGGACGAGGGACAGTTGCTACCGGTAAAATTGACCGTGGGATGGTAAAAGTAGGAGAAACAGTAGACTTAGTTGGTTTAGGGGATACGAAATCGACAACAGTAACTGGTGTTGAGATGTTCCAAAAAACTTTAGATGAAGGTTTTGCTGGTGACAACGTAGGAATTTTACTACGTGGAATACAAAAGGGAGAAATAGAGCGTGGAATGGTTTTAGCTAAACCAGGAACAATTACACCTCACAATACTTTTGAATCAGAACTTTATATTTTAACTAAAGAAGAAGGTGGACGCCATACTCCATTCTTCCCAGGCTATAGACCTCAATTTTACGTACGAACAACTGATGTTACTGGTGAAATTTTAAGCTTTATTACTGATGAAGGCGAGAAAACTTTAATGGTTATGCCTGGTGATCGTGTTAAAATGACAGCAAAATTAATTTCTTTAATTGCGATTGAAGAAGGTATGAGATTTGCTATTCGTGAAGGTGGTAGAACTATTGGGGCTGGTGTTGTTTCAAAAATTATT
Ecto-sp12_S_contig305:13690-14918	2879	ATGGCACGTGAAAAATTTGAGCGTACAAAACCCCATATCAATATTGGAACAATTGGTCATGTAGATCATGGTAAAACAACTTTAACCGCTGCTATAACAGCTGTTTTATCATTAACCGGTGATTCTAAAGCAAAAAAATATGAAGATATCGATGCAGCTCCGGAAGAACGTGCACGTGGAATTACAATAAATACTGCCCATGTAGAATATGAAACAGATGTACGTCATTATGCTCATGTGGATTGTCCTGGTCATGCTGATTATGTTAAAAATATGATCACAGGAGCAGCTCAAATGGATGGAGCAATTTTAGTTGTTTCTGCTGCTGATGGACCAATGCCCCAAACTCGTGAACATATTTTATTATCGAAACAAGTTGGTGTTCCTCATATTGTTGTTTTTTTAAATAAAGAAGATCAAGTAGATGATCTTGAATTATTAGAATTAGTGGAATTAGAAGTACGAGAATTATTATCAAATTATGATTTTCCTGGAGATGATATACCTATTGTAGCAGGTTCAGCTCTTCAAGCTTTAGAAGCATTATCAAAAGAACCTGGTTTAAAAAAAGGTGAAAATAAATGGATTGATAAAATTTATAATTTAATGGATTCAGTGGATGCTTATATTCCGACTCCAGTTCGTGATATTGATAAATCTTTTTTAATGGCTATTGAAGATGTTTTTTCAATTACTGGTCGTGGAACAGTAGCTACAGGAAGAATTGAACGTGGTATTGTTAAAGTAGGAGAAACAGTTGAATTAGTTGGTTTAGGTGATACAAAAGCAACAACAGTTACTGGAGTAGAAATGTTTCAAAAAACTTTAGATGAAGGAGTTGCAGGTGATAATGTTGGTATTTTACTACGTGGTGTTCAAAAAAATGAAATAGAACGTGGTATGGTTTTATCTAAACCTGGTACTATAACACCTCATAATATTTTCGAATCAGAAGTTTATATCTTAACTAAAGAAGAAGGTGGACGTCATACACCTTTCTTTTCAGGTTATAGACCTCAATTTTATGTACGAACAACAGATGTAACTGGTAAAATTTTAAGTTTTACTTCAGATGATGGAAATAATGTTGAAATGGTTATGCCTGGGGACCGTATTAAGATGAATGCAGAACTTATCTCATCTATTGCAATTGAAGAAGGAATGCGATTTGCTATTCGTGAAGGTGGACGTACAATTGGGGCTGGAGTTGTTTCTAAAATTAATAAATA
Ecto-sp12_S_contig1201:14781-16010	2879	ATGGCTCGTGAAAAATATGACCGTACAAAACCACATATCAATATTGGAACAATTGGACACGTAGATCATGGCAAAACGACATTAACCGCTGCAATTACTGCTGTTTTATCATTAGCAGGGGAAGGGGATGCAAGTGCGAAAAAATATGAAGATATTGATGCTGCGCCTGAAGAGCGTGCACGTGGAATCACAATAAACACAGCACATGTAGAATATGAGACAGCAACACGTCATTATGCTCATGTAGATTGTCCAGGTCACGCTGATTATGTTAAAAATATGATCACTGGTGCAGCACAAATGGATGGGGCTATCCTAGTTGTTTCAGCCGCTGACGGTCCAATGCCTCAAACTCGTGAACATATTTTACTATCTAAACAAGTTGGTGTACCCCATATTGTAGTCTTCTTAAATAAAGAAGATCAAGTTGATGATCTAGAGTTAGTAGAATTAGTAGAATTAGAAGTTCGCGAATTACTTTCTAATTATGATTTTCCTGGTGATGACATACCTATAGTAACTGGTTCAGCATTACAAGCTCTTGATGCTATAAGTAATGAACCAAGTATAAAGAAAGGTGACAATAAATGGGTTGATAAAATTTATAGTTTAATGGACTCAGTAGATAACTATATTCCAACACCTATTAGAGATATAGATAAAGCATTTTTAATGGCTATTGAAGATGTTTTTTCAATTACTGGACGAGGTACAGTTGCTACCGGTAAAATTGACCGTGGAATGGTAAAAGTAGGAGAAACAGTAGACTTAGTTGGTTTAGGGGATACGAAATCGACAACAGTAACTGGTGTTGAGATGTTCCAGAAAACTTTAGATGAAGGTGTTGCTGGTGACAACGTAGGAATTTTACTACGTGGAATACAAAAAGGAGAAATAGAGCGTGGAATGGTTTTAGCCAAACCAGGAACCATCACACCTCACAATACTTTTGAATCAGAACTTTATATTTTAACTAAAGAAGAAGGTGGACGCCATACTCCGTTCTTCCCAGGTTATAGACCTCAATTTTATGTACGAACAACTGATGTGACTGGTGAAATTTTAAGTTTTATTACTGATGAAGGCGAGAAAACTTTAATGGTTATGCCTGGTGATCGTGTTAAAATGACAGCAAAATTAATTTCTTTAATTGCGATTGAAGAAGGTATGAGATTTGCTATTCGTGAAGGTGGTAGAACTATTGGGGCTGGTGTTGTTTCAAAAATTATT
E-fasciculatus_M_contig203:18136-16913	43935	ATGGCTCGTGAAAAATATGACCGTACAAAACCACATATCAATATTGGAACAATTGGACACGTAGATCATGGTAAAACGACATTAACGGCTGCAATTACTGCTGTTTTATCATTAGCAGGGGATGCGAATGCGAAAAAATATGAAGATATTGATGCTGCACCTGAAGAGCGTGCACGTGGAATCACAATAAACACAGCACATGTAGAATATGAGACAGCAACACGTCATTATGCACATGTGGATTGTCCTGGTCACGCTGATTATGTTAAAAATATGATTACTGGTGCGGCACAAATGGATGGGGCCATCTTAGTTGTTTCAGCTGCTGATGGTCCAATGCCTCAAACTCGTGAACATATTTTACTATCTAAACAAGTTGGTGTGCCCCATATTGTAGTCTTCTTAAATAAAGAAGATCAAGTGGATGATCTGGAATTAGTAGAATTAGTAGAATTAGAAGTTCGCGAATTACTTTCTAATTATGATTTTCCTGGTGATGATATACCTATAGTAACAGGTTCAGCATTACAAGCTCTGGATGCTATAAGTAATGAACCTAATATAAAGAAAGGTGATAATAAATGGGTTGATAAAATTTATAGTTTAATGGACTCCGTAGATAACTATATTCCAACACCTGTTAGAGATGTAGATAAATCATTTTTAATGGCTATTGAAGATGTTTTTTCAATTACTGGGCGCGGTACAGTTGCTACCGGTAAAATTGACCGTGGGATGATAAAAGTAGGAGAAACAGTAGACTTAGTTGGTTTAGGGGATACTAAATCAACAACAGTAACTGGTGTTGAGATGTTCCAGAAAACTTTAGATGAAGGTGTTGCGGGTGACAACGTAGGAATTTTACTACGTGGCTTACAAAAAGGAGAAATCGAGCGTGGAATGGTTTTAGCGAAACCCGGAACAATCACACCTCATAATACTTTTGAATCAGAACTTTATATTTTAACTAAAGAAGAAGGTGGACGCCATACTCCTTTCTTCCCAGGCTATAGACCTCAATTTTATGTACGAACAACTGATGTTACTGGTGAAATTTTAAGTTTTATTACTGATGAAGGTGAAAAAACTTTAATGGTTATGCCTGGTGATCGTGTTAAAATGACAGCAAAATTAATTTCTTTAATTGCGATTGAAGAAGGTATGAGATTTGCTATTCGTGAAGGTGGTAGAACTATTGGGGCTGGTGTTGTTTCAAAAATTATT
E-siliculosus-1a_F_contig6023:6744-7967	2880	ATGGCTCGTGAAAAATATGACCGTACAAAACCACATATCAATATTGGAACAATTGGGCACGTAGATCATGGCAAAACGACATTAACCGCTGCAATTACTGCTGTTTTATCATTAGCAGGGGATGCAAATGCGAAAAAATATGAAGATATTGATGCTGCACCTGAAGAGCGTGCACGTGGAATCACAATAAACACAGCACATGTAGAATATGAGACAGCAACACGTCATTATGCCCATGTAGATTGTCCAGGTCACGCTGATTATGTTAAAAATATGATCACTGGTGCAGCACAAATGGATGGCGCTATCCTAGTGGTTTCAGCCGCTGATGGTCCAATGCCTCAAACTCGTGAACATATTTTACTATCTAAACAAGTTGGTGTACCTCATATTGTAGTCTTCTTAAATAAAGAAGATCAAGTTGATGATCTAGAGTTAGTAGAATTAGTAGAATTAGAAGTTCGCGAATTACTTTCTAATTATGATTTTCCTGGTGATGACATACCTATAGTAACTGGTTCAGCATTACAAGCTCTTGATGCTATAAGTAATGAGCCAAGTATAAAGAAAGGTGACAATAAATGGGTTGATAAAATTTATAGTTTAATGGACTCAGTAGATAACTATATTCCAACACCTGTTAGAGATATAGATAAAGCATTTTTAATGGCTATTGAAGATGTTTTTTCAATTACTGGGCGAGGTACAGTTGCTACCGGGAAAATTGACCGTGGGATGGTAAAAGTAGGAGAAACAGTAGACTTAGTTGGTTTAGGGGATACAAAATCGACAACAGTAACTGGTGTTGAGATGTTCCAGAAAACTTTAGATGAAGGTGTTGCTGGTGACAACGTAGGAATTTTGCTACGTGGAATACAAAAAGGAGAAATAGAGCGTGGAATGGTTTTAGCCAAACCAGGAACAATTACACCTCACAATACTTTTGAATCAGAACTTTATATTTTAACTAAAGAAGAAGGTGGACGTCATACTCCCTTCTTTCCAGGCTATAGACCTCAATTTTATGTACGAACAACTGATGTTACTGGTGAAATTTTAAGCTTTATTACTGATGAAGGCGAGAAAACTTTAATGGTTATGCCTGGTGATCGTGTTAAAATGACAGCAAAATTAATTTCTTTAATTGCGATTGAAGAAGGTATGAGATTTGCTATTCGTGAAGGTGGCAGAACTATTGGGGCTGGTGTTGTTTCAAAAATTATT
F-distichus_contig94939:1251-27	3012	ATGGCTCGTGAAAAGTTTGACCGTACAAAACCACATATTAACATTGGAACAATCGGTCATGTAGATCATGGTAAAACTACTTTAACTGCTGCGATTACTGCTGTTCTATCTCTAGATGGTAGCTCAAATGCAAAAAAATATGAAGATATCGATGCCGCACCTGAAGAACGAGCACGTGGAATTACTATTAATACAGCACATGTTGAATATGAAACAGAAGCTCGTCATTATGCTCATGTTGATTGTCCAGGTCATGCTGATTATGTTAAAAATATGATTACCGGTGCAGCACAAATGGATGGTGCTATTTTAGTTGTTTCAGCCGCCGATGGACCTATGCCTCAAACACGTGAGCATCTTTTATTATCAAAGCAAGTTGGTGTACCTCATATTGTAGTTTTTTTAAATAAAGAAGATCAAGTAGATGATCTTGAACTAATAGAATTAGTAGAATTAGAAGTTAGAGAATTATTATCTAATTATGAATTCCCTGGAGATGATACTCCAATTGTTGCAGGTTCTGCGCTGCAAGCTCTCGAAGCTATTAATGCTGAACCTACTATAAAGAAAGGAGATAATAAGTGGGTCGACAAAATTTATAATTTAATGGAAGAAGTTGATAAGTATATACCAACTCCAATTCGAGATACAGACAAAACATTTTTAATGGCAATTGAAGATGTTTTTTCAATTACAGGTCGTGGTACTGTAGCAACAGGTAAAATTGATCGTGGAATTGTCAAAGTAGGGGAAACAGTAGAACTAGTGGGTTTAGGTGACACAAAATCAACAACAGTAACGGGTGTTGAGATGTTTCAAAAAACTTTAGATGAAGGTGTTGCTGGTGACAATGTTGGAATTTTATTACGTGGATTACAGAAAACTGAAATAGAACGTGGGATGGTTTTATCTAAACCTGGCACAATAACACCACATAATACATTTGAATCTGAGGTTTATGTTTTAACAAAAGAAGAAGGAGGACGTCATACACCATTTTTTGTAGGTTATAGACCTCAATTTTATGTGCGAACTACAGATGTAACAGGTGAAATTTTACGCTTTACAGATGACAGTGGTTCAAAATCAGTAATGGTTATGCCTGGTGATCGTGTAAAAATGACAGCCGGTTTAATTTCTTTAATTGCAATAGAAGAAGGAATGAGATTTGCTATTCGTGAAGGTGGAAGAACTATTGGGGCTGGTGTTGTTTCAAAAATTCTTA
F-mitchelliae_contig9470:4584-3664	1964287	GCTATCCTAGTTGTTTCAGCCGCTGACGGTCCAATGCCTCAAACTCGTGAACATATTTTACTATCTAAACAAGTTGGTGTCCCCCATATTGTAGTCTTCTTAAATAAAGAAGATCAAGTTGATGATCTAGAGTTAGTAGAATTAGTAGAATTAGAAGTTCGCGAATTACTTTCTAATTATGATTTTCCTGGTGATGACATACCTATAGTAACTGGTTCAGCATTACAAGCTCTTGATGCTATAAGTAATGAACCAAGTATAAAGAAAGGTGACAATAAATGGGTCGATAAAATTTATAGTTTAATGGACTCAGTAGATAAATATATTCCAACACCTGTTAGAGATATAGATAAAGCATTTTTAATGGCTATTGAAGATGTTTTTTCAATTACTGGACGAGGTACAGTTGCTACCGGTAAAATTGACCGTGGGATGGTAAAAGTAGGAGAAACGGTAGACTTAGTTGGTTTAGGGGATACGAAATCGACAACAGTAACTGGTGTTGAGATGTTCCAGAAAACTTTAGATGAAGGTGTTGCTGGTGACAACGTAGGAATTTTACTACGTGGAGTACAAAAAGGAGAAATAGAGCGTGGAATGGTTTTAGCCAAACCAGGAACAATCACACCTCACAATACTTTTGAATCAGAACTTTATATTTTAACTAAAGAAGAAGGTGGACGTCATACTCCCTTCTTCCCCGGCTATAGACCTCAATTTTATGTACGAACAACTGATGTTACTGGTGAAATTTTAAGCTTTATTACTGATGAAGGCGAGAAAACTTTAATGGTTATGCCTGGTGATCGTGTTAAAATGACAGCAAAATTAATTTCTTTAATTGCGATTGAAGAAGGTATGAGATTTGCTATTCGTGAAGGTGGCAGAACTATTGGGGCTGGTGTTGTTTCAAAAATTATT
F-serratus_M_contig5507:32753-31525	87148	ATGGCTCGCGAAAAATTTGACCGTAGTAAACCACATATTAACATTGGAACAATTGGGCATGTAGATCATGGAAAAACTACACTAACTGCTGCTATTACTGCAGTTTTATCATTAGCAGGTGATTCTAATGCAAAAAAATATGAAGATATTGATGCAGCACCTGAAGAACGTGCACGTGGAATTACCATAAATACAGCTCATGTAGAATATGAAACAGAAAATCGACATTATGCTCATGTGGATTGTCCTGGCCATGCTGATTATGTTAAAAATATGATTACTGGGGCAGCACAAATGGATGGAGCTATTCTAGTTGTTTCAGCAGCAGATGGTCCAATGCCTCAAACTCGTGAACATATTTTATTATCTAAACAAGTTGGTGTTCCTCATATTGTAGTTTTTTTAAATAAAGAAGATCAAGTGGATGATCTTGAATTAGTAGAATTAGTAGAATTAGAAGTTAGAGAATTATTATCAAATTATGATTTCCCTGGTGATGATATACCTATTGTGACAGGTTCAGCTTTACAAGCTTTAGATGCAATAACTAGCGAAGTAAGTGTAGAAAAAGGTGATAATAAATGGGTTGATAAAATTTATAGTTTAATGGAATCAATTGATAGCTACATACCAACACCTGTACGTGACGTTGATAAATCATTTTTAATGGCAATTGAAGATGTATTTTCAATAACTGGTCGAGGTACAGTAGCTACTGGTAAAATTGATCGTGGAATAGTAAAAGTAGGTGAAACTGTAGAATTAGTTGGTTTAGGAGATACTAAATCAACAACGGTAACTGGTGTTGAGATGTTCCAAAAAACTTTAGATGAAGGAGTTGCTGGAGATAATGTAGGTATTTTATTACGAGGGTTACAAAAAGGAGAGATAGAACGTGGAATGGTTTTATCACAGCCTGGAACAATAACACCACATAATACTTTCGAATCCGAAGTATATGTATTAACAAAAGAAGAGGGTGGACGTCATACTCCTTTCTTTACAGGTTATCGACCTCAATTTTATGTTAGAACAACTGATGTTACAGGACAAATTTTACGCTTTACAGCTGATGATGGGTCTAAATCAGTAATGGTTATGCCTGGTGATAGAATCAAAATGACTGCAGGCCTTATTTCTTTAATTGCAATTGAAGAAGGTATGAGATTTGCTATTCGTGAAGGTGGTCGTACTATTGGTGCAGGTGTTGTTTCAAAAATTCTTACATA
H-canaliculatus_F_contig448:28999-27776	2567908	ATGGCTCGTGAAAAATATGACCGTACAAAGCCACATATTAATATTGGAACAATTGGGCACGTAGATCATGGTAAAACTACCTTAACTGCTGCAATTACTGCAGTTTTATCATTATCTGGCGATGCAAGTGCAAAAAAATATGAGGATATTGATGCTGCCCCTGAAGAGCGCGCACGTGGAATCACAATAAACACAGCCCATGTAGAATATGAGACAGAAACACGACATTATGCACACGTAGACTGTCCGGGTCATGCAGATTATGTTAAAAACATGATTACCGGTGCAGCCCAAATGGATGGTGCGATTCTTGTTGTTTCAGCCGCTGATGGTCCAATGCCTCAAACTCGTGAGCACATTTTATTATCAAAACAAGTTGGCGTACCTCATATTGTGGTATTCTTAAATAAAGAAGATCAAGTTGATGATCTTGAATTAGTAGAGTTAGTAGAATTAGAAGTTAGAGAATTACTGTCTAATTATGATTTCCCTGGTGATGATATACCTATAGTAACTGGGTCAGCACTACAAGCTCTTGACGCTATAAGTAATGAACCTACTTTAAAGAAAGGTGATAATAAATGGGTAGATAAAATCTACAGTTTAATGGAATCTGTTGATAATTATATCCCAACACCAATTAGAGATGTAGATAAAGCCTTTTTAATGGCTATTGAAGATGTTTTCTCAATTACTGGTCGAGGTACTGTAGCCACTGGTAAAATTGATCGTGGAATCATAAAAGTTGGTGAAACAGTTGATTTAGTTGGTTTGGGTGATACAAAATCAACAACAGTAACTGGTGTTGAGATGTTCCAAAAAACTTTAGACGAAGGTGTTGCTGGTGATAATGTAGGGATTTTACTACGTGGATTACAAAAAGGTGAAATAGAACGTGGAATGGTTTTAGCAAAGCCAGGAACAATTACACCTCATAATACTTTTGAATCTGAACTTTATATTTTAACGAAAGAAGAAGGTGGACGTCATACTCCTTTCTTCCCAGGTTATAGACCTCAATTTTATGTACGAACAACAGATGTTACAGGTGAAATTTTAAGCTTTATTACTGATGAGGGCGAAAAAACTTTAATGGTTATGCCTGGGGACCGAGTTAAAATGACAGCGAAGTTAATTTCTTTAATCGCTATTGAAGAAGGTATGAGATTTGCTATTCGTGAAGGTGGAAGAACGATTGGTGCTGGCGTTGTTTCAAAAATTATT
H-canaliculatus_M_contigs2:28999-27776	2567908	ATGGCTCGTGAAAAATATGACCGTACAAAGCCACATATTAATATTGGAACAATTGGGCACGTAGATCATGGTAAAACTACCTTAACTGCTGCAATTACTGCAGTTTTATCATTATCTGGCGATGCAAGTGCAAAAAAATATGAGGATATTGATGCTGCCCCTGAAGAGCGCGCACGTGGAATCACAATAAACACAGCCCATGTAGAATATGAGACAGAAACACGACATTATGCACACGTAGACTGTCCGGGTCATGCAGATTATGTTAAAAACATGATTACCGGTGCAGCCCAAATGGATGGTGCGATTCTTGTTGTTTCAGCCGCTGATGGTCCAATGCCTCAAACTCGTGAGCACATTTTATTATCAAAACAAGTTGGCGTACCTCATATTGTGGTATTCTTAAATAAAGAAGATCAAGTTGATGATCTTGAATTAGTAGAGTTAGTAGAATTAGAAGTTAGAGAATTACTGTCTAATTATGATTTCCCTGGTGATGATATACCTATAGTAACTGGGTCAGCACTACAAGCTCTTGACGCTATAAGTAATGAACCTACTTTAAAGAAAGGTGATAATAAATGGGTAGATAAAATCTACAGTTTAATGGAATCTGTTGATAATTATATCCCAACACCAATTAGAGATGTAGATAAAGCCTTTTTAATGGCTATTGAAGATGTTTTCTCAATTACTGGTCGAGGTACTGTAGCCACTGGTAAAATTGATCGTGGAATCATAAAAGTTGGTGAAACAGTTGATTTAGTTGGTTTGGGTGATACAAAATCAACAACAGTAACTGGTGTTGAGATGTTCCAAAAAACTTTAGACGAAGGTGTTGCTGGTGATAATGTAGGGATTTTACTACGTGGATTACAAAAAGGTGAAATAGAACGTGGAATGGTTTTAGCAAAGCCAGGAACAATTACACCTCATAATACTTTTGAATCTGAACTTTATATTTTAACGAAAGAAGAAGGTGGACGTCATACTCCTTTCTTCCCAGGTTATAGACCTCAATTTTATGTACGAACAACAGATGTTACAGGTGAAATTTTAAGCTTTATTACTGATGAGGGCGAAAAAACTTTAATGGTTATGCCTGGGGACCGAGTTAAAATGACAGCGAAGTTAATTTCTTTAATCGCTATTGAAGAAGGTATGAGATTTGCTATTCGTGAAGGTGGAAGAACGATTGGTGCTGGCGTTGTTTCAAAAATTATT
L-elsbetiae_contig361:29108-27885	64929	ATGGCTCGTGAAATGTATGACCGTACAAAACCACATATAAATATTGGAACGATTGGACATGTAGATCATGGGAAAACTACATTGACTGCTGCTATTACTGCTGTTTTATCATTAGCAGGAGATTCAAATGCAAAAAAATATGAAGACATTGATGCTGCACCTGAAGAACGTGCACGTGGAATAACAATAAATACAGCACATGTTGAATATGAAACAGAAACTCGTCATTATGCACATGTTGATTGTCCCGGACACGCAGATTATGTGAAAAATATGATCACAGGTGCAGCACAAATGGATGGGGCTATTCTAGTTGTTTCCGCAGCTGATGGTCCAATGCCTCAAACCCGCGAACACATTTTATTATCTAAACAAGTTGGTGTACCTCATATTGTTGTTTTTTTAAATAAAGAAGACCAAGTTGATGACCTAGAATTAGTAGAATTAGTAGAATTGGAAGTTAGAGAATTATTATCAAATTATGATTTTCCTGGTGATGATATCCCTATCGTTACAGGTTCCGCATTAAAAGCTCTTGATGCTATAAGTAATGAACCTTCTGTAAAAAAAGGTGATAATAAATGGGTTGATAAGATTTATAGTTTAATGGAAGCTGTCGATAACTATATTCCAACACCAATTAGAGATGTGGACAAACCATTTTTAATGGCTATTGAAGATGTTTTCTCGATAACTGGTCGGGGTACAGTAGCTACTGGTAAAATTGATCGTGGGATTGTAAAAGTTGGTGAAACAGTAGACTTGGTCGGTTTGGGAGATACAAAATCAACAACAGTTACTGGTGTTGAAATGTTCCAAAAAACGTTAGAAGAAGGTGTTGCTGGGGACAATGTTGGAATCTTATTACGTGGTTTACAGAAAGGTGAAATAGAACGTGGGATGGTTTTAGCTAAACCGGGAACAATTACTCCTCATAATACGTTTGAATCTGAACTTTATATTTTAACAAAAGAAGAAGGTGGTCGTCATACTCCGTTTTTCCCAGGATATAGACCTCAATTTTATGTACGAACAACTGATGTCACTGGAGAAATTTTAAGCTTTATTACTGATTCCGGTGAAAAAACTTTAATGGTTATGCCTGGAGATCGTGTTAAAATGACAGCAAAATTAATTTCTTTAATCGCCATTGAAGAGGGGATGAGATTTGCTATCCGAGAAGGTGGTCGAACTATTGGTGCTGGAGTCGTTTCAAAAATTATT
L-elsbetiae_contig1670:10187-8959	64929	ATGGCACGTGAAAAATTTGAGCGTACAAAACCCCATATCAATATTGGAACAATTGGTCATGTAGATCATGGTAAAACAACTTTAACCGCTGCTATAACAGCTGTTTTATCATTAACCGGTGATTCTAAAGCAAAAAAATATGAAGATATCGATGCAGCTCCGGAAGAACGTGCACGTGGAATTACAATAAATACTGCCCATGTAGAATATGAAACAGATGTACGTCATTATGCTCATGTGGATTGTCCTGGTCATGCTGATTATGTTAAAAATATGATCACAGGAGCAGCTCAAATGGATGGAGCAATTTTAGTTGTTTCTGCTGCTGATGGACCAATGCCCCAAACTCGTGAACATATTTTATTATCGAAACAAGTTGGTGTTCCTCATATTGTTGTTTTTTTAAATAAAGAAGATCAAGTAGATGATCTTGAATTATTAGAATTAGTGGAATTAGAAGTACGAGAATTATTATCAAATTATGATTTTCCTGGAGATGATATACCTATTGTAGCAGGTTCAGCTCTTCAAGCTTTAGAAGCATTATCAAAAGAACCTGGTTTAAAAAAAGGTGAAAATAAATGGATTGATAAAATTTATAATTTAATGGATTCAGTGGATGCTTATATTCCGACTCCAGTTCGTGATATTGATAAATCTTTTTTAATGGCTATTGAAGATGTTTTTTCAATTACTGGTCGTGGAACAGTAGCTACAGGAAGAATTGAACGTGGTATTGTTAAAGTAGGAGAAACAGTTGAATTAGTTGGTTTAGGTGATACAAAAGCAACAACAGTTACTGGAGTAGAAATGTTTCAAAAAACTTTAGATGAAGGAGTTGCAGGTGATAATGTTGGTATTTTACTACGTGGTGTTCAAAAAAATGAAATAGAACGTGGTATGGTTTTATCTAAACCTGGTACTATAACACCTCATAATATTTTCGAATCAGAAGTTTATATCTTAACTAAAGAAGAAGGTGGACGTCATACACCTTTCTTTTCAGGTTATAGACCTCAATTTTATGTACGAACAACAGATGTAACTGGTAAAATTTTAAGTTTTACTTCAGATGATGGAAATAATGTTGAAATGGTTATGCCTGGGGACCGTATTAAGATGAATGCAGAACTTATCTCATCTATTGCAATTGAAGAAGGAATGCGATTTGCTATTCGTGAAGGTGGACGTACAATTGGGGCTGGAGTTGTTTCTAAAATTAATAAATA
M-clavaeformis_F_contig12109:52-1019	64930	ATGGCAAGAGATAAATTTGAGCGCACTAAGCCACATATTAATATTGGCACTATTGGACATGTAGATCATGGAAAAACTACATTAACGGCTGCAATAACAGCTACATTATCAACAGTAGGTAATGCTATTTTAAAAAAATATGCAGATATTGATGCTGCTCCTGAAGAAAAATTACGCGGAATTACAATAAATACGGCTCATGTTGAATATGAAACTGAATATCGACATTATGCACACGTAGACTGTCCAGGACATGCAGATTACGTTAAAAATATGATAACTGGTGCCGCTCAAATGGATGGTGCAATTTTAGTTGTTTCAGCAGCGGACGGGGCTATGCCTCAAACACGTGAGCATATTTTATTAGCACGGCAAGTAGGTGTGAAGTATTTAGTCGTTTTTTTAAACAAAGTAGACCAAGTAGATGATCCGGAATTAATAGAACTCGTTGAATTAGAGTTACGCGAATTACTTGACTCTTATGAATATGCAGGTGATTCAATACCTTTTGTTACAGGTTCTGCTTTATTGGCATTAGACGCAGTTATAGCAAACCCTGGCCTAAAGAAAGGAGAAAATTCATGGGTTGATAAGATTTTTGATTTAATGCAAGCAGTAGATGAATACATACCAACACCTACTCGCGAATTAGATAAACCTTTTTTAATGGCTATAGAGGACGTCTTTTCTATTACAGGTCGTGGTACAGTTTCTACAGGAAAAATAGAACGTGGATCTATTTCTGTAGGTGAAACAGTGGAGCTCGTTGGTTTTGGGCCGACAAAAACATTAACGGTTACAGGTTTAGAGATGTTTCAAAAAACTCTTGATAAAGGTATGGCTGGAGATAACATTGGTGTTTTACTACGCGGTATTCAAAAAGCAGACATTACTCGCGGTATGGTATTATCTAAACCAGGTAGCATTAAACCTCACAAAAAATTTGAGGCCGAGGTTTATATTTTAAC
P-fluviatile_contig89:58335-59558	246123	ATGGCTCGTGAAAAATATGACCGTACGAAACCACACATTAACATTGGAACAATTGGACATGTAGATCATGGTAAAACTACACTAACTGCTGCAATCACTGCTGTTTTATCATTATCAGGAGATTCAAATGCGAAAAAATATGAAGATATTGATGCAGCACCTGAAGAACGTGCTCGTGGAATCACAATCAATACAGCACATGTTGAATATGAAACAGAAACTCGTCATTACGCACATGTAGATTGCCCAGGTCACGCCGATTATGTTAAAAATATGATTACTGGTGCAGCACAAATGGACGGAGCTATTTTAGTTGTTTCAGCAGCTGATGGTCCAATGCCTCAAACTCGCGAACATATTTTATTATCTAAACAAGTTGGTGTACCTCATATTGTTGTATTTTTGAATAAAGAAGATCAAGTGGATGATCTTGAGTTAGTTGAATTAGTAGAATTAGAAGTTCGAGAATTACTATCTAATTATGATTTTCCTGGTGATGATATACCTATCGTTACAGGTTCGGCATTACAAGCTCTTGATGCTATAAGTAATGAGCCTAACCTAAAAAAAGGTGATAATAAATGGATTGATAAGATTTATAGTTTAATGGATTCTGTTGATAGTTATATTCCAACACCAATTAGGGATGTGGACAAATCATTTTTAATGGCTATTGAAGATGTTTTTTCAATTACTGGTCGAGGTACAGTAGCTACTGGTAAAATTGATCGTGGAGTTATAAAAGTTGGAGAACAAGTAGATTTAGTTGGCTTAGGTGATACAAAATCAACAACGGTAACTGGTGTTGAAATGTTCCAAAAAACACTAGATGAAGGAGTTGCTGGTGATAATGTAGGAATTTTATTGCGTGGACTACAAAAGACTGAAATAGAGCGTGGAATGGTTTTAGCTAAACCAGGAACAATAACTCCGCATAATACGTTTGAATCTGAACTTTACATTTTAACAAAAGAAGAAGGCGGTCGTCATACTCCTTTTTTCCCAGGTTATAGACCTCAATTTTATGTACGAACAACAGATGTGACTGGAGAAATTTTAAGCTTTATGACTGATGAAGGTGAAAAAACATTAATGGTTATGCCTGGTGATCGTGTAAAAATGACAGCAAAATTAATCTCTTTAATTGCTATTGAAGAAGGTATGAGATTTGCTATTCGTGAGGGTGGTAGAACTATTGGTGCTGGCGTTGTTTCAAAAATTATT
S-firma_M_contig17428:1306-204	2841634	ATTCAAATGCAAAAAAATATGAAGATATTGATGCTGCACCTGAAGAACGTGCACGTGGAATCACAATAAACACTGCACATGTTGAATATGAAACAGAAACTCGTCATTATGCACATGTTGATTGTCCTGGTCATGCAGATTATGTTAAAAATATGATTACCGGTGCAGCACAAATGGATGGGGCTATTTTAGTTGTTTCTGCAGCTGACGGTCCAATGCCTCAAACCCGCGAACATATTTTATTATCTAAACAAGTTGGTGTGCCCCATATTGTTGTATTTTTAAATAAAGAAGATCAAGTTGATGATCTAGAATTAGTAGAATTAGTAGAATTAGAAGTTAGAGAATTATTATCAAATTATGATTTTCCTGGTGATGATATCCCTATCGTTACAGGTTCAGCATTGCAAGCTCTTGATGCTATAAGTAGTGAACCTTCTGTAAAAAAAGGTGAGAATAAATGGGTTGATAAGATTCTCAGTTTAATGGAATCAGTTGATAATTATATCCCAACACCAATTAGAGATGTCGATAAAGCATTTTTAATGGCTATTGAGGATGTTTTTTCAATTACTGGGCGAGGTACTGTAGCTACTGGAAAAATTGATCGTGGAATTGTAAAAGTTGGTGAAACCGTGGATTTAGTTGGTTTAGGTGAGACAAAATCAACAACAGTAACGGGTGTTGAGATGTTCCAAAAAACGTTAGACGAAGGGGTTGCTGGTGATAATGTTGGAATTTTATTACGTGGTTTACAGAAAGGTGAAATAGAACGTGGGATGGTTTTAGCTAAACCAGGGACAATTACTCCCCATAATACTTTTGAATCTGAACTTTATATTTTAACAAAAGAAGAAGGTGGTCGTCATACTCCGTTTTTCCCAGGTTATAGACCTCAATTTTATGTACGAACAACTGATGTTACTGGAGAAATTTTAAGTTTTATTACTGATGAAGGTGAGAAAACTCTAATGGTTATGCCTGGTGATCGTGTTAAAATGACAGCAAAATTAATTTCTTTAATTGCTATTGAAGAAGGTATGCGGTTTGCTATTCGTGAAGGTGGACGAACTATTGGTGCTGGGGTTGTTTCAAAAATTATT
S-ischiensis_contig110:79807-81028	196139	ATGGCTCGTGAAAAATTTGAACGTACAAAACCCCATGTTAACATTGGAACAATTGGGCATGTTGATCATGGTAAAACAACATTAACAGCCGCTATAACTGCAACGTTAGCATTAGGAGGATCTTCGGCAGCTAAAAAATATGAAGATATTGATGCTGCTCCAGAAGAACGTGCAAGAGGAATTACAATAAATACCGCACATGTTGAATATGAAACAGATATAAGACATTATGCTCATGTGGATTGTCCCGGACATGCTGACTATGTAAAAAATATGATTACTGGAGCGGCTCAAATGGATGGTGCTATATTAGTTGTTTCAGCGGCAGATGGACCTATGCCTCAAACGCGCGAACATATACTACTTTCAAAACAAGTTGGAGTACCACACATTGTAGTCTTCTTAAATAAAGAAGATCAAGTAGATGATGCTGAATTATTAGAATTAGTTGAATTAGAAGTACGAGAACTTTTATCAGACTATGATTTTCCTGGCGATGATATTCCTATTGTAGCAGGTTCTGCTTTACAAGCCTTAGAAATAATTACTACAGAGCCAAATCTAAAAAAAGGTGATAACAAATGGGTTGATAAAATTTATTCTTTGATGGATGCTATCGATGATTATATTCCGACGCCTAAACGTGATATAGAAAAAACATTTTTAATGGCTATAGAAGACGTTTTTTCAATTACTGGCCGAGGAACCGTAGCAACTGGTAGAATTGAACGTGGAGTTGTTAAAGTAGGAGAAACTGTTGAATTAGTTGGTCTTGGAAATACACGTTCAACAATTGTGACAGGTGTCGAAATGTTCCAAAAAACATTGGAAGAAGGTTTTGCTGGAGATAATGTTGGTATTTTATTACGAGGAATTCAAAAAAATGAAATTGAACGAGGTATGGTATTAGCACAACCTGGTACTATTACCCCTCACACTAGTTTTGAATCTGAAGTATATATTCTCACAAAAGAAGAAGGTGGTCGTCATACCCCTTTCTTTTCAGGTTATCGTCCACAGTTCTATGTTAGAACAACCGATGTTACAGGTCAAATCAAAAGTTTTACGGCCGATGATGGTTCAGATGTAGAAATGGTAATGCCAGGTGATAGAATTAAAATGAATGCTGAATTAATAGCGGCGATTGCAATTGAGGAAGGTATGCGCTTTGCTATTCGTGAGGGCGGTCGTACTATTGGTGCAGGGGTAGTCTCTAAAATTA
S-latissima_F_contig2461:33270-32067	309358	GAAAAATATGACCGACGAAACCACTAGCAATATTGGAACAATTGGAATGTAGACATGGCAACAACACATTAAGGCTGCAATACAGCTGTTTTACACTTACAGGGAGATTTCCTAATGCAAAAAAATATGGAGGTATCGATGCCGGCACCTGAAGAAGAAACGTGCACGTGGAGTACAATAAATACAGCACATGTAGCGTATGAAACAGCACGTCGTCATTATGACCATTGTAGATTGTCCAGGACATGCAGATTATGTTAAAAATATGATTACGGGTGATGCGGCACAGATGAGGAGCAACTTAGTTGTTCAGCTGCTGATGGTCCTTGCCTCAAAAACGTGAGCATATTTGATTATCTAAACAAGGTGTGTACCCCATAATGTAGTATCTTAAATAGAAGCCAAGTAGACGATCTTGAATTAGTAGAGTTAGTGAACTAGAATTAGAGAGTTATTATCTATTATGATGTCCCTGGTGGGTATACAAATTACTTACTGGTTCTGTTTACAAGCTCTTGATGCCATAATAATGAACCTACTTTAAAAAAGGTTGAATAATTAAATGGGTTGATAAAATTTATACTATAAGGGATTCAGTGATAGTTTCTCCCAACACAAATACGTGATGTTGTAAACCAATGCTTAATGGCATTGAAGATGTTTTTTCAATTACTGGGCAGAGGAACAGTTGCTATGGTAAAATGGAAGACAGTGGTATTGTGAAAGTAGGTGAAACAGTTTAGATCTAGTTGGATTTAGGTGATACTAAGTCAACAAAAGTAAATGTGTTGAACGTTCCAAAAAACTTTAGCGAAGGTGTAGCAGGAGATAATGTAGGTTTTTATACGTGGATTACGAAAAAGAACTGAGATAGAACGGGGAATGGTGTTATCAAAACCGGGAACAATCCACACCAAATAAACACTTTTGAACTGAAACTTTATATTTTTAAACAAAAAAAGAAGAGGTGGTCGCCATACTCCGTTTTTCCCGGGGTATAGACATCAATTCTATGTACGAACACAGATGTTACAGGTGAAATATAAGTTTATACTGAGAAGGTGAAAAACATTAATGGTTATGCCAGGGACCGTGTTTAAACTGACAGCAAAATAATTTCGTAATTGCAATTGAAGAAGGAATGCGATTTGCTACCTGAAGGTGGGTCGAACTTTGGTGCTGGTGTGTTTCAAAAATTATCATA
S-latissima_F_contig3391:2809-4035	309358	ATGGCTCGCGAAAAATATGACCGTACGAAACCACATATCAATATTGGAACAATTGGACATGTAGATCATGGCAAAACTACATTAACGGCTGCAATTACAGCTGTTTTATCACTTACAGGGGATTCTACTAATGCAAAAAAATATGAAGATATCGATGCAGCACCTGAAGAACGTGCACGTGGAATTACAATAAATACAGCACATGTAGAGTATGAAACAGCAAGTCGTCATTATGCCCATGTAGATTGTCCAGGACATGCAGATTATGTTAAAAATATGATTACGGGTGCGGCACAGATGGATGGAGCAATTTTAGTTGTTTCAGCTGCTGATGGTCCTATGCCTCAAACACGTGAGCATATTTTATTATCTAAACAAGTTGGTGTACCCCATATCGTAGTATTCTTAAATAAAGAAGACCAAGTAGACGATCTTGAATTAGTAGAGTTAGTGGAACTAGAAGTTAGAGAGTTATTATCTAATTATGATTTCCCTGGTGATGATATACCAATACTTACTGGTTCTGCTTTACAAGCTCTTGATGCCATTAATAATGAACCTACTTTAAAAAAAGGTGATAATAAATGGGTTGATAAAATTTATACTCTAATGGATTCAGTTGATAGTTATATCCCAACACCAATACGTGATGTTGATAAACCATTCTTAATGGCAATTGAAGATGTTTTTTCAATTACTGGCCGAGGAACAGTTGCTACTGGTAAAATTGACCGTGGTATTGTGAAAGTAGGTGAAACAGTAGATCTAGTTGGTTTAGGTGATACTAAGTCAACAACAGTAACTGGTGTTGAAATGTTCCAAAAAACTTTAGACGAAGGTGTAGCAGGAGATAATGTAGGTATTTTATTACGTGGATTACAAAAAGATGAGATAGAACGGGGAATGGTTTTATCAAAACCTGGAACAATCACACCACATAACACTTTTGAATCTGAACTTTATATTTTAACAAAAGAAGAAGGTGGTCGCCATACTCCGTTTTTCCCGGGGTATAGACCTCAATTCTATGTACGAACAACAGATGTTACAGGTGAAATTATAAGTTTTATTACTGATGAAGGTGAAAAAACATTAATGGTTATGCCAGGGGACCGTGTTAAAATGACAGCAAAATTAATTTCTTTAATTGCAATTGAAGAAGGAATGCGATTTGCTATCCGTGAAGGTGGTCGAACTATTGGTGCTGGTGTTGTTTCAAAAATTATT
S-polyschides_F_contig269:14059-15286	45365	ATGGCTCGTGAAAAATTTGACCGTACAAAGCCACATATTAATATTGGAACAATTGGGCATGTAGATCATGGAAAAACTACATTAACTGCTGCAATCACTGCAGTTTTATCGTTAGGTGATGAGAACGTGAATGCAAAAAAATATGAAGACATTGATGCAGCACCTGAAGAACGCGCACGTGGTATTACTATAAATACAGCTCATGTTGAGTATGAGACTGAAACTCGTCATTATGCCCATGTAGATTGTCCGGGTCACGCAGATTATGTGAAAAATATGATTACTGGTGCAGCACAAATGGATGGAGCAATATTAGTTGTTTCTGCAGCGGATGGTCCTATGCCTCAAACACGTGAGCATATTTTATTATCTAAGCAAGTTGGGGTTCCTCATGTTGTCGTATTTTTAAATAAAGAAGACCAAGTTGATGATATTGAATTAGTAGAACTAGTGGAATTAGAAGTTCGAGACTTATTATCTGATTATGATTTCCCTGGTGATGATATACCGATAGTAACAGGATCTGCTTTACAAGCTTTAGATGCAATAGTTAAAGAACCAAGTGTTAAAAAAGGTGAGAATAAGTGGGTTGATAAAATTTATAGTTTAATGGATTCAGTTGATAGTTATATCCCAACTCCAATTCGAGATATTGAAAAAGCATTCTTAATGGCAATTGAAGATGTTTTTTCAATTACTGGTCGTGGTACAGTAGCCACAGGTAAAATTGATCGTGGAATGGTAAAGGTAGGTGAGACTGTAGAATTAGTTGGTTTAGGTGATACTAAATCAACAACAGTAACTGGGGTTGAGATGTTCCAGAAAACTTTAGATGAAGGTTTTGCTGGGGATAATGTAGGTATTTTACTGCGAGGATTACAGAAAACAGAGATAGAGCGTGGAATGGTTTTATCAAAACCAGGAACAATAACACCACATAACACTTTTGAATCTGAGGTTTATGTTTTAACAAAAGAAGAAGGTGGGCGCCATACTCCTTTCTTCATAGGTTATAGACCTCAGTTTTATGTTCGAACAACGGATGTTACAGGTCAAATTATACGTTTTACTGCTGATGATGGTTCGAAAACTGTGATGGTTATGCCAGGTGATCGTGTTAAAATGACAGCCGGCTTAATTTCTTTAATTGCAATTGAAGAAGGTATGAGATTTGCCATTCGTGAAGGTGGTAGAACCATTGGTGCTGGTGTTGTTTCAAAAATTCTTA
S-polyschides_M_contig884:13835-15058	45365	ATGGCTCGTGAAAAATATGACCGTACAAAACCACATATCAATATTGGAACAATTGGACACGTAGATCATGGTAAAACGACATTAACGGCTGCAATTACTGCTGTTTTATCATTAGCAGGGGATGCGAATGCGAAAAAATATGAAGATATTGATGCTGCACCTGAAGAGCGTGCACGTGGAATCACAATAAACACAGCACATGTAGAATATGAGACAGCAACACGTCATTATGCACATGTGGATTGTCCTGGTCACGCTGATTATGTTAAAAATATGATTACTGGTGCGGCACAAATGGATGGGGCCATCTTAGTTGTTTCAGCTGCTGATGGTCCAATGCCTCAAACTCGTGAACATATTTTACTATCTAAACAAGTTGGTGTGCCCCATATTGTAGTCTTCTTAAATAAAGAAGATCAAGTGGATGATCTGGAATTAGTAGAATTAGTAGAATTAGAAGTTCGCGAATTACTTTCTAATTATGATTTTCCTGGTGATGATATACCTATAGTAACAGGTTCAGCATTACAAGCTCTGGATGCTATAAGTAATGAACCTAATATAAAGAAAGGTGATAATAAATGGGTTGATAAAATTTATAGTTTAATGGACTCCGTAGATAACTATATTCCAACACCTGTTAGAGATGTAGATAAATCATTTTTAATGGCTATTGAAGATGTTTTTTCAATTACTGGGCGCGGTACAGTTGCTACCGGTAAAATTGACCGTGGGATGATAAAAGTAGGAGAAACAGTAGACTTAGTTGGTTTAGGGGATACTAAATCAACAACAGTAACTGGTGTTGAGATGTTCCAGAAAACTTTAGATGAAGGTGTTGCGGGTGACAACGTAGGAATTTTACTACGTGGCTTACAAAAAGGAGAAATCGAGCGTGGAATGGTTTTAGCGAAACCCGGAACAATCACACCTCATAATACTTTTGAATCAGAACTTTATATTTTAACTAAAGAAGAAGGTGGACGCCATACTCCTTTCTTCCCAGGCTATAGACCTCAATTTTATGTACGAACAACTGATGTTACTGGTGAAATTTTAAGTTTTATTACTGATGAAGGTGAAAAAACTTTAATGGTTATGCCTGGTGATCGTGTTAAAATGACAGCAAAATTAATTTCTTTAATTGCGATTGAAGAAGGTATGAGATTTGCTATTCGTGAAGGTGGTAGAACTATTGGGGCTGGTGTTGTTTCAAAAATTATT
S-polyschides_M_contig969:27668-26440	45365	ATGGCACGTGAAAAATTTGACCGTACTAAACCACATATTAATATAGGAACTATTGGCCATGTAGATCATGGAAAAACAACATTAACTGCTGCAATAACTGCTGTTTTATCCCTTGAAGGTGATTCAGCGGCAAAAAAATATGAAGATATTGATGCTGCTCCTGAAGAGCGTGCACGTGGTATTACTATAAATACAGCTCACGTTGAGTATGAAACAGAAAATCGTCACTATGCTCATGTAGATTGTCCTGGTCATGCAGATTATGTAAAAAATATGATTACTGGTGCGGCACAAATGGATGGAGCAATTTTAGTTGTTTCAGCAGCAGATGGACCAATGCCTCAAACACGAGAGCATATTTTATTATCAAAACAAGTTGGTGTACCGCATATTGTAGTCTTTTTAAATAAAGAAGATCAGGTAGATGATCCAGAATTAATTGAATTAGTTGAATTAGAAGTTAGAGAATTATTATCTAATTATGATTTTCCAGGGGATGATATACCAATAGTGACAGGATCAGCTTTAAAAGCCTTAAATGCAACTTATGCTGAGCCTAATATAAAAAAAGGTGCTAATCCATGGGTAGATAAAATCTATAATTTAATGGAGTCTATTGACACTTATATTCCAACTCCTATTAGAGATGTTGATAAAACATTCTTAATGGCAATTGAAGATGTTTTCTCTATTACTGGGAGGGGTACCGTAGCTACTGGTAAAATTGATCGAGGAATAGTAAAAGTTGGGGAAACTGTTGAATTAGTAGGATTAGGCGAAACGAAAACTACAACTGTTACTGGAGTAGAAATGTTTCAAAAAACGTTAGATGAAGGGGTTGCAGGAGATAATGTTGGTATCTTATTAAGAGGGTTACAAAAAAATGAGATTGAGCGAGGAATGGTTTTATCTAAACCAGGAACTATAACACCGCATAATGAATTTGAATCGGAAGTATATATATTAAAAAAAGAAGAAGGTGGACGCCACACACCATTTTTCACTGGGTATAGACCTCAATTTTATGTTCGAACAACTGATGTTACCGGTCAAATATTACAATTTACAGCTGATGATGGATCTGAATCTGTTATGGTTATGCCAGGTGATCGTATTAAAATGACTGCTGGATTAATTTCTTTAATTGCTATTGAAGAAGGAATGCGATTTGCTATTAGAGAAGGTGGACGTACTATTGGGGCTGGTGTTGTTTCAAAAATTCTAAAATA
S-polyschides_M_contig1595:14600-15826	45365	ATGGCTCGCGAAAAATATGACCGTACGAAACCACATATCAATATTGGAACAATTGGACATGTAGATCATGGCAAAACTACATTAACGGCTGCAATTACAGCTGTTTTATCACTTACAGGGGATTCTACTAATGCAAAAAAATATGAAGATATCGATGCAGCACCTGAAGAACGTGCACGTGGAATTACAATAAATACAGCACATGTAGAGTATGAAACAGCAAGTCGTCATTATGCCCATGTAGATTGTCCAGGACATGCAGATTATGTTAAAAATATGATTACGGGTGCGGCACAGATGGATGGAGCAATTTTAGTTGTTTCAGCTGCTGATGGTCCTATGCCTCAAACACGTGAGCATATTTTATTATCTAAACAAGTTGGTGTACCCCATATCGTAGTATTCTTAAATAAAGAAGACCAAGTAGACGATCTTGAATTAGTAGAGTTAGTGGAACTAGAAGTTAGAGAGTTATTATCTAATTATGATTTCCCTGGTGATGATATACCAATACTTACTGGTTCTGCTTTACAAGCTCTTGATGCCATTAATAATGAACCTACTTTAAAAAAAGGTGATAATAAATGGGTTGATAAAATTTATACTCTAATGGATTCAGTTGATAGTTATATCCCAACACCAATACGTGATGTTGATAAACCATTCTTAATGGCAATTGAAGATGTTTTTTCAATTACTGGCCGAGGAACAGTTGCTACTGGTAAAATTGACCGTGGTATTGTGAAAGTAGGTGAAACAGTAGATCTAGTTGGTTTAGGTGATACTAAGTCAACAACAGTAACTGGTGTTGAAATGTTCCAAAAAACTTTAGACGAAGGTGTAGCAGGAGATAATGTAGGTATTTTATTACGTGGATTACAAAAAGATGAGATAGAACGGGGAATGGTTTTATCAAAACCTGGAACAATCACACCACATAACACTTTTGAATCTGAACTTTATATTTTAACAAAAGAAGAAGGTGGTCGCCATACTCCGTTTTTCCCGGGGTATAGACCTCAATTCTATGTACGAACAACAGATGTTACAGGTGAAATTATAAGTTTTATTACTGATGAAGGTGAAAAAACATTAATGGTTATGCCAGGGGACCGTGTTAAAATGACAGCAAAATTAATTTCTTTAATTGCAATTGAAGAAGGAATGCGATTTGCTATCCGTGAAGGTGGTCGAACTATTGGTGCTGGTGTTGTTTCAAAAATTATT
S-polyschides_M_contig1709:12623-13850	45365	ATGGCTCGTGAAAAATTTGACCGTACAAAGCCACATATTAATATTGGAACAATTGGGCATGTAGATCATGGAAAAACTACATTAACTGCTGCAATCACTGCAGTTTTATCGTTAGGTGATGAGAACGTGAATGCAAAAAAATATGAAGACATTGATGCAGCACCTGAAGAACGCGCACGTGGTATTACTATAAATACAGCTCATGTTGAGTATGAGACTGAAACTCGTCATTATGCCCATGTAGATTGTCCGGGTCACGCAGATTATGTGAAAAATATGATTACTGGTGCAGCACAAATGGATGGAGCAATATTAGTTGTTTCTGCAGCGGATGGTCCTATGCCTCAAACACGTGAGCATATTTTATTATCTAAGCAAGTTGGGGTTCCTCATGTTGTCGTATTTTTAAATAAAGAAGACCAAGTTGATGATATTGAATTAGTAGAACTAGTGGAATTAGAAGTTCGAGACTTATTATCTGATTATGATTTCCCTGGTGATGATATACCGATAGTAACAGGATCTGCTTTACAAGCTTTAGATGCAATAGTTAAAGAACCAAGTGTTAAAAAAGGTGAGAATAAGTGGGTTGATAAAATTTATAGTTTAATGGATTCAGTTGATAGTTATATCCCAACTCCAATTCGAGATATTGAAAAAGCATTCTTAATGGCAATTGAAGATGTTTTTTCAATTACTGGTCGTGGTACAGTAGCCACAGGTAAAATTGATCGTGGAATGGTAAAGGTAGGTGAGACTGTAGAATTAGTTGGTTTAGGTGATACTAAATCAACAACAGTAACTGGGGTTGAGATGTTCCAGAAAACTTTAGATGAAGGTTTTGCTGGGGATAATGTAGGTATTTTACTGCGAGGATTACAGAAAACAGAGATAGAGCGTGGAATGGTTTTATCAAAACCAGGAACAATAACACCACATAACACTTTTGAATCTGAGGTTTATGTTTTAACAAAAGAAGAAGGTGGGCGCCATACTCCTTTCTTCATAGGTTATAGACCTCAGTTTTATGTTCGAACAACGGATGTTACAGGTCAAATTATACGTTTTACTGCTGATGATGGTTCGAAAACTGTGATGGTTATGCCAGGTGATCGTGTTAAAATGACAGCCGGCTTAATTTCTTTAATTGCAATTGAAGAAGGTATGAGATTTGCCATTCGTGAAGGTGGTAGAACCATTGGTGCTGGTGTTGTTTCAAAAATTCTTA
UNPIN3877:34336-33110	74381	ATGGCTCGCGAAAAATATGACCGTACGAAACCACATATCAATATTGGAACAATTGGACATGTAGATCATGGTAAGACTACATTAACTGCTGCAATTACAGCTGTTTTATCACTTTCAGGGGACGCGAATAATGCAAAAAAATATGAAGATATTGATGCAGCACCTGAAGAACGCGCACGTGGTATAACAATAAATACTGCACATGTAGAGTATGAAACAGCAAGTCGCCATTATGCTCATGTAGATTGCCCAGGCCATGCAGATTATGTTAAAAATATGATTACTGGTGCGGCACAAATGGATGGAGCAATTTTAGTTGTTTCAGCAGCAGATGGGCCGATGCCTCAAACACGCGAGCATATTTTATTATCTAAACAAGTTGGTGTTCCGCATATTGTAGTATTTTTAAATAAAGAAGACCAGGTTGATGACCTTGAATTAGTAGAATTAGTGGAATTAGAAGTTAGAGAATTATTATCTAATTACGATTTTCCTGGTGACGATATACCAATACTTACTGGTTCTGCTTTACAAGCTCTTGATGCGATTAATAATGAACCCAATCTAGTAAAAGGTGATAATAAATGGGTTGATAAAATTTATAATTTAATGGAATCAGTTGATAGTTATATCCCAACACCAATTCGTGATGTTGATAAACCATTTCTAATGGCGATTGAAGATGTTTTTTCAATTACTGGTCGAGGAACAGTTGCCACTGGTAAAATTGACCGTGGAATTGTAAAAGTAGGTGAAACAGTAGATCTAGTTGGTTTAGGTGATACTAAATCGACGACAGTAACTGGTGTTGAAATGTTCCAAAAAACTTTAGATGAAGGTGTAGCCGGAGATAATGTAGGGATTTTATTACGTGGATTACAAAAAGGTGATATAGAACGTGGAATGGTTTTATCAAAACCTGGAACAATTACTCCACATAACACTTTTGAGTCTGAACTTTATATTTTAACGAAAGAAGAAGGCGGTCGCCATACTCCATTTTTCCCTGGTTATAGACCTCAATTCTATGTAAGAACAACAGATGTTACAGGTGAAATTTTAAGTTTTATTACGGATGAAGGGGAAAAAACATTAATGGTTATGCCAGGTGATCGGGTTAAAATGACAGCTAAATTAATTTCTTTAATTGCAATTGAAGAAGGGATGCGATTTGCTATTCGTGAAGGTGGTCGAACTATTGGTGCTGGTGTTGTTTCAAAAATTATT